{"timestamp":"2026-10-01T07:15:19.322334Z","level":"info","event":"Filling up the DagBag from /opt/airflow/dags/orchestrate.py","logger":"airflow.dag_processing.dagbag.BundleDagBag","filename":"dagbag.py","lineno":460}
{"timestamp":"2026-10-01T07:15:31.371281Z","level":"warning","event":"The `airflow.operators.bash.BashOperator` attribute is deprecated. Please use `'airflow.providers.standard.operators.bash.BashOperator'`.","category":"UserWarning","filename":"/opt/airflow/dags/orchestrate.py","lineno":3,"logger":"py.warnings"}
{"timestamp":"2026-10-01T07:16:03.437980Z","level":"info","event":"Filling up the DagBag from /opt/airflow/dags/orchestrate.py","logger":"airflow.dag_processing.dagbag.BundleDagBag","filename":"dagbag.py","lineno":460}
{"timestamp":"2026-10-01T07:16:09.944696Z","level":"warning","event":"The `airflow.operators.bash.BashOperator` attribute is deprecated. Please use `'airflow.providers.standard.operators.bash.BashOperator'`.","category":"UserWarning","filename":"/opt/airflow/dags/orchestrate.py","lineno":3,"logger":"py.warnings"}
{"timestamp":"2026-10-01T07:16:40.732694Z","level":"info","event":"Filling up the DagBag from /opt/airflow/dags/orchestrate.py","logger":"airflow.dag_processing.dagbag.BundleDagBag","filename":"dagbag.py","lineno":460}
{"timestamp":"2026-10-01T07:16:43.632062Z","level":"warning","event":"The `airflow.operators.bash.BashOperator` attribute is deprecated. Please use `'airflow.providers.standard.operators.bash.BashOperator'`.","category":"UserWarning","filename":"/opt/airflow/dags/orchestrate.py","lineno":3,"logger":"py.warnings"}
{"timestamp":"2026-10-01T07:17:14.216413Z","level":"info","event":"Filling up the DagBag from /opt/airflow/dags/orchestrate.py","logger":"airflow.dag_processing.dagbag.BundleDagBag","filename":"dagbag.py","lineno":460}
{"timestamp":"2026-10-01T07:17:16.534052Z","level":"warning","event":"The `airflow.operators.bash.BashOperator` attribute is deprecated. Please use `'airflow.providers.standard.operators.bash.BashOperator'`.","category":"UserWarning","filename":"/opt/airflow/dags/orchestrate.py","lineno":3,"logger":"py.warnings"}
{"timestamp":"2026-10-01T07:17:47.170636Z","level":"info","event":"Filling up the DagBag from /opt/airflow/dags/orchestrate.py","logger":"airflow.dag_processing.dagbag.BundleDagBag","filename":"dagbag.py","lineno":460}
{"timestamp":"2026-10-01T07:17:50.098867Z","level":"warning","event":"The `airflow.operators.bash.BashOperator` attribute is deprecated. Please use `'airflow.providers.standard.operators.bash.BashOperator'`.","category":"UserWarning","filename":"/opt/airflow/dags/orchestrate.py","lineno":3,"logger":"py.warnings"}
{"timestamp":"2026-10-01T07:18:20.872767Z","level":"info","event":"Filling up the DagBag from /opt/airflow/dags/orchestrate.py","logger":"airflow.dag_processing.dagbag.BundleDagBag","filename":"dagbag.py","lineno":460}
{"timestamp":"2026-10-01T07:18:24.280618Z","level":"warning","event":"The `airflow.operators.bash.BashOperator` attribute is deprecated. Please use `'airflow.providers.standard.operators.bash.BashOperator'`.","category":"UserWarning","filename":"/opt/airflow/dags/orchestrate.py","lineno":3,"logger":"py.warnings"}
{"timestamp":"2026-10-01T07:18:55.095349Z","level":"info","event":"Filling up the DagBag from /opt/airflow/dags/orchestrate.py","logger":"airflow.dag_processing.dagbag.BundleDagBag","filename":"dagbag.py","lineno":460}
{"timestamp":"2026-10-01T07:18:59.112946Z","level":"warning","event":"The `airflow.operators.bash.BashOperator` attribute is deprecated. Please use `'airflow.providers.standard.operators.bash.BashOperator'`.","category":"UserWarning","filename":"/opt/airflow/dags/orchestrate.py","lineno":3,"logger":"py.warnings"}
{"timestamp":"2026-10-01T07:19:30.038444Z","level":"info","event":"Filling up the DagBag from /opt/airflow/dags/orchestrate.py","logger":"airflow.dag_processing.dagbag.BundleDagBag","filename":"dagbag.py","lineno":460}
{"timestamp":"2026-10-01T07:19:35.625753Z","level":"warning","event":"The `airflow.operators.bash.BashOperator` attribute is deprecated. Please use `'airflow.providers.standard.operators.bash.BashOperator'`.","category":"UserWarning","filename":"/opt/airflow/dags/orchestrate.py","lineno":3,"logger":"py.warnings"}
{"timestamp":"2026-10-01T07:20:06.587546Z","level":"info","event":"Filling up the DagBag from /opt/airflow/dags/orchestrate.py","logger":"airflow.dag_processing.dagbag.BundleDagBag","filename":"dagbag.py","lineno":460}
{"timestamp":"2026-10-01T07:20:10.503943Z","level":"warning","event":"The `airflow.operators.bash.BashOperator` attribute is deprecated. Please use `'airflow.providers.standard.operators.bash.BashOperator'`.","category":"UserWarning","filename":"/opt/airflow/dags/orchestrate.py","lineno":3,"logger":"py.warnings"}
{"timestamp":"2026-10-01T07:20:41.160180Z","level":"info","event":"Filling up the DagBag from /opt/airflow/dags/orchestrate.py","logger":"airflow.dag_processing.dagbag.BundleDagBag","filename":"dagbag.py","lineno":460}
{"timestamp":"2026-10-01T07:20:44.511435Z","level":"warning","event":"The `airflow.operators.bash.BashOperator` attribute is deprecated. Please use `'airflow.providers.standard.operators.bash.BashOperator'`.","category":"UserWarning","filename":"/opt/airflow/dags/orchestrate.py","lineno":3,"logger":"py.warnings"}
{"timestamp":"2026-10-01T07:21:15.330325Z","level":"info","event":"Filling up the DagBag from /opt/airflow/dags/orchestrate.py","logger":"airflow.dag_processing.dagbag.BundleDagBag","filename":"dagbag.py","lineno":460}
{"timestamp":"2026-10-01T07:21:19.521871Z","level":"warning","event":"The `airflow.operators.bash.BashOperator` attribute is deprecated. Please use `'airflow.providers.standard.operators.bash.BashOperator'`.","category":"UserWarning","filename":"/opt/airflow/dags/orchestrate.py","lineno":3,"logger":"py.warnings"}
{"timestamp":"2026-10-01T07:21:50.256753Z","level":"info","event":"Filling up the DagBag from /opt/airflow/dags/orchestrate.py","logger":"airflow.dag_processing.dagbag.BundleDagBag","filename":"dagbag.py","lineno":460}
{"timestamp":"2026-10-01T07:21:55.149262Z","level":"warning","event":"The `airflow.operators.bash.BashOperator` attribute is deprecated. Please use `'airflow.providers.standard.operators.bash.BashOperator'`.","category":"UserWarning","filename":"/opt/airflow/dags/orchestrate.py","lineno":3,"logger":"py.warnings"}
{"timestamp":"2026-10-01T07:22:25.893380Z","level":"info","event":"Filling up the DagBag from /opt/airflow/dags/orchestrate.py","logger":"airflow.dag_processing.dagbag.BundleDagBag","filename":"dagbag.py","lineno":460}
{"timestamp":"2026-10-01T07:22:30.156615Z","level":"warning","event":"The `airflow.operators.bash.BashOperator` attribute is deprecated. Please use `'airflow.providers.standard.operators.bash.BashOperator'`.","category":"UserWarning","filename":"/opt/airflow/dags/orchestrate.py","lineno":3,"logger":"py.warnings"}
{"timestamp":"2026-10-01T07:23:01.067536Z","level":"info","event":"Filling up the DagBag from /opt/airflow/dags/orchestrate.py","logger":"airflow.dag_processing.dagbag.BundleDagBag","filename":"dagbag.py","lineno":460}
{"timestamp":"2026-10-01T07:23:05.022960Z","level":"warning","event":"The `airflow.operators.bash.BashOperator` attribute is deprecated. Please use `'airflow.providers.standard.operators.bash.BashOperator'`.","category":"UserWarning","filename":"/opt/airflow/dags/orchestrate.py","lineno":3,"logger":"py.warnings"}
{"timestamp":"2026-10-01T07:23:35.874446Z","level":"info","event":"Filling up the DagBag from /opt/airflow/dags/orchestrate.py","logger":"airflow.dag_processing.dagbag.BundleDagBag","filename":"dagbag.py","lineno":460}
{"timestamp":"2026-10-01T07:23:39.635463Z","level":"warning","event":"The `airflow.operators.bash.BashOperator` attribute is deprecated. Please use `'airflow.providers.standard.operators.bash.BashOperator'`.","category":"UserWarning","filename":"/opt/airflow/dags/orchestrate.py","lineno":3,"logger":"py.warnings"}
{"timestamp":"2026-10-01T07:24:10.643340Z","level":"info","event":"Filling up the DagBag from /opt/airflow/dags/orchestrate.py","logger":"airflow.dag_processing.dagbag.BundleDagBag","filename":"dagbag.py","lineno":460}
{"timestamp":"2026-10-01T07:24:14.061072Z","level":"warning","event":"The `airflow.operators.bash.BashOperator` attribute is deprecated. Please use `'airflow.providers.standard.operators.bash.BashOperator'`.","category":"UserWarning","filename":"/opt/airflow/dags/orchestrate.py","lineno":3,"logger":"py.warnings"}
{"timestamp":"2026-10-01T07:24:44.678918Z","level":"info","event":"Filling up the DagBag from /opt/airflow/dags/orchestrate.py","logger":"airflow.dag_processing.dagbag.BundleDagBag","filename":"dagbag.py","lineno":460}
{"timestamp":"2026-10-01T07:24:47.162709Z","level":"warning","event":"The `airflow.operators.bash.BashOperator` attribute is deprecated. Please use `'airflow.providers.standard.operators.bash.BashOperator'`.","category":"UserWarning","filename":"/opt/airflow/dags/orchestrate.py","lineno":3,"logger":"py.warnings"}
{"timestamp":"2026-10-01T07:25:17.855472Z","level":"info","event":"Filling up the DagBag from /opt/airflow/dags/orchestrate.py","logger":"airflow.dag_processing.dagbag.BundleDagBag","filename":"dagbag.py","lineno":460}
{"timestamp":"2026-10-01T07:25:20.812104Z","level":"warning","event":"The `airflow.operators.bash.BashOperator` attribute is deprecated. Please use `'airflow.providers.standard.operators.bash.BashOperator'`.","category":"UserWarning","filename":"/opt/airflow/dags/orchestrate.py","lineno":3,"logger":"py.warnings"}
{"timestamp":"2026-10-01T07:25:51.407355Z","level":"info","event":"Filling up the DagBag from /opt/airflow/dags/orchestrate.py","logger":"airflow.dag_processing.dagbag.BundleDagBag","filename":"dagbag.py","lineno":460}
{"timestamp":"2026-10-01T07:25:54.503596Z","level":"warning","event":"The `airflow.operators.bash.BashOperator` attribute is deprecated. Please use `'airflow.providers.standard.operators.bash.BashOperator'`.","category":"UserWarning","filename":"/opt/airflow/dags/orchestrate.py","lineno":3,"logger":"py.warnings"}
{"timestamp":"2026-10-01T07:26:25.155246Z","level":"info","event":"Filling up the DagBag from /opt/airflow/dags/orchestrate.py","logger":"airflow.dag_processing.dagbag.BundleDagBag","filename":"dagbag.py","lineno":460}
{"timestamp":"2026-10-01T07:26:28.964985Z","level":"warning","event":"The `airflow.operators.bash.BashOperator` attribute is deprecated. Please use `'airflow.providers.standard.operators.bash.BashOperator'`.","category":"UserWarning","filename":"/opt/airflow/dags/orchestrate.py","lineno":3,"logger":"py.warnings"}
{"timestamp":"2026-10-01T07:26:59.764380Z","level":"info","event":"Filling up the DagBag from /opt/airflow/dags/orchestrate.py","logger":"airflow.dag_processing.dagbag.BundleDagBag","filename":"dagbag.py","lineno":460}
{"timestamp":"2026-10-01T07:27:05.071369Z","level":"warning","event":"The `airflow.operators.bash.BashOperator` attribute is deprecated. Please use `'airflow.providers.standard.operators.bash.BashOperator'`.","category":"UserWarning","filename":"/opt/airflow/dags/orchestrate.py","lineno":3,"logger":"py.warnings"}
{"timestamp":"2026-10-01T07:27:37.074303Z","level":"info","event":"Filling up the DagBag from /opt/airflow/dags/orchestrate.py","logger":"airflow.dag_processing.dagbag.BundleDagBag","filename":"dagbag.py","lineno":460}
{"timestamp":"2026-10-01T07:27:40.460326Z","level":"warning","event":"The `airflow.operators.bash.BashOperator` attribute is deprecated. Please use `'airflow.providers.standard.operators.bash.BashOperator'`.","category":"UserWarning","filename":"/opt/airflow/dags/orchestrate.py","lineno":3,"logger":"py.warnings"}
{"timestamp":"2026-10-01T07:28:11.022090Z","level":"info","event":"Filling up the DagBag from /opt/airflow/dags/orchestrate.py","logger":"airflow.dag_processing.dagbag.BundleDagBag","filename":"dagbag.py","lineno":460}
{"timestamp":"2026-10-01T07:28:13.605534Z","level":"warning","event":"The `airflow.operators.bash.BashOperator` attribute is deprecated. Please use `'airflow.providers.standard.operators.bash.BashOperator'`.","category":"UserWarning","filename":"/opt/airflow/dags/orchestrate.py","lineno":3,"logger":"py.warnings"}
{"timestamp":"2026-10-01T07:28:45.044931Z","level":"info","event":"Filling up the DagBag from /opt/airflow/dags/orchestrate.py","logger":"airflow.dag_processing.dagbag.BundleDagBag","filename":"dagbag.py","lineno":460}
{"timestamp":"2026-10-01T07:28:55.027069Z","level":"warning","event":"The `airflow.operators.bash.BashOperator` attribute is deprecated. Please use `'airflow.providers.standard.operators.bash.BashOperator'`.","category":"UserWarning","filename":"/opt/airflow/dags/orchestrate.py","lineno":3,"logger":"py.warnings"}
{"timestamp":"2026-10-01T07:29:26.419801Z","level":"info","event":"Filling up the DagBag from /opt/airflow/dags/orchestrate.py","logger":"airflow.dag_processing.dagbag.BundleDagBag","filename":"dagbag.py","lineno":460}
{"timestamp":"2026-10-01T07:29:35.512201Z","level":"warning","event":"The `airflow.operators.bash.BashOperator` attribute is deprecated. Please use `'airflow.providers.standard.operators.bash.BashOperator'`.","category":"UserWarning","filename":"/opt/airflow/dags/orchestrate.py","lineno":3,"logger":"py.warnings"}
{"timestamp":"2026-10-01T07:30:06.667939Z","level":"info","event":"Filling up the DagBag from /opt/airflow/dags/orchestrate.py","logger":"airflow.dag_processing.dagbag.BundleDagBag","filename":"dagbag.py","lineno":460}
{"timestamp":"2026-10-01T07:30:10.936833Z","level":"warning","event":"The `airflow.operators.bash.BashOperator` attribute is deprecated. Please use `'airflow.providers.standard.operators.bash.BashOperator'`.","category":"UserWarning","filename":"/opt/airflow/dags/orchestrate.py","lineno":3,"logger":"py.warnings"}
{"timestamp":"2026-10-01T07:30:41.643581Z","level":"info","event":"Filling up the DagBag from /opt/airflow/dags/orchestrate.py","logger":"airflow.dag_processing.dagbag.BundleDagBag","filename":"dagbag.py","lineno":460}
{"timestamp":"2026-10-01T07:30:44.764720Z","level":"warning","event":"The `airflow.operators.bash.BashOperator` attribute is deprecated. Please use `'airflow.providers.standard.operators.bash.BashOperator'`.","category":"UserWarning","filename":"/opt/airflow/dags/orchestrate.py","lineno":3,"logger":"py.warnings"}
{"timestamp":"2026-10-01T07:31:15.482006Z","level":"info","event":"Filling up the DagBag from /opt/airflow/dags/orchestrate.py","logger":"airflow.dag_processing.dagbag.BundleDagBag","filename":"dagbag.py","lineno":460}
{"timestamp":"2026-10-01T07:31:18.588763Z","level":"warning","event":"The `airflow.operators.bash.BashOperator` attribute is deprecated. Please use `'airflow.providers.standard.operators.bash.BashOperator'`.","category":"UserWarning","filename":"/opt/airflow/dags/orchestrate.py","lineno":3,"logger":"py.warnings"}
{"timestamp":"2026-10-01T07:31:49.709954Z","level":"info","event":"Filling up the DagBag from /opt/airflow/dags/orchestrate.py","logger":"airflow.dag_processing.dagbag.BundleDagBag","filename":"dagbag.py","lineno":460}
{"timestamp":"2026-10-01T07:31:53.286425Z","level":"warning","event":"The `airflow.operators.bash.BashOperator` attribute is deprecated. Please use `'airflow.providers.standard.operators.bash.BashOperator'`.","category":"UserWarning","filename":"/opt/airflow/dags/orchestrate.py","lineno":3,"logger":"py.warnings"}
{"timestamp":"2026-10-01T07:32:25.899688Z","level":"info","event":"Filling up the DagBag from /opt/airflow/dags/orchestrate.py","logger":"airflow.dag_processing.dagbag.BundleDagBag","filename":"dagbag.py","lineno":460}
{"timestamp":"2026-10-01T07:32:37.609513Z","level":"warning","event":"The `airflow.operators.bash.BashOperator` attribute is deprecated. Please use `'airflow.providers.standard.operators.bash.BashOperator'`.","category":"UserWarning","filename":"/opt/airflow/dags/orchestrate.py","lineno":3,"logger":"py.warnings"}
{"timestamp":"2026-10-01T07:33:10.611204Z","level":"info","event":"Filling up the DagBag from /opt/airflow/dags/orchestrate.py","logger":"airflow.dag_processing.dagbag.BundleDagBag","filename":"dagbag.py","lineno":460}
{"timestamp":"2026-10-01T07:33:15.980272Z","level":"warning","event":"The `airflow.operators.bash.BashOperator` attribute is deprecated. Please use `'airflow.providers.standard.operators.bash.BashOperator'`.","category":"UserWarning","filename":"/opt/airflow/dags/orchestrate.py","lineno":3,"logger":"py.warnings"}
{"timestamp":"2026-10-01T07:33:47.390305Z","level":"info","event":"Filling up the DagBag from /opt/airflow/dags/orchestrate.py","logger":"airflow.dag_processing.dagbag.BundleDagBag","filename":"dagbag.py","lineno":460}
{"timestamp":"2026-10-01T07:33:54.723892Z","level":"warning","event":"The `airflow.operators.bash.BashOperator` attribute is deprecated. Please use `'airflow.providers.standard.operators.bash.BashOperator'`.","category":"UserWarning","filename":"/opt/airflow/dags/orchestrate.py","lineno":3,"logger":"py.warnings"}
{"timestamp":"2026-10-01T07:34:35.018105Z","level":"info","event":"Filling up the DagBag from /opt/airflow/dags/orchestrate.py","logger":"airflow.dag_processing.dagbag.BundleDagBag","filename":"dagbag.py","lineno":460}
{"timestamp":"2026-10-01T07:35:01.675143Z","level":"warning","event":"The `airflow.operators.bash.BashOperator` attribute is deprecated. Please use `'airflow.providers.standard.operators.bash.BashOperator'`.","category":"UserWarning","filename":"/opt/airflow/dags/orchestrate.py","lineno":3,"logger":"py.warnings"}
{"timestamp":"2026-10-01T07:35:35.255435Z","level":"info","event":"Filling up the DagBag from /opt/airflow/dags/orchestrate.py","logger":"airflow.dag_processing.dagbag.BundleDagBag","filename":"dagbag.py","lineno":460}
{"timestamp":"2026-10-01T07:35:45.472866Z","level":"warning","event":"The `airflow.operators.bash.BashOperator` attribute is deprecated. Please use `'airflow.providers.standard.operators.bash.BashOperator'`.","category":"UserWarning","filename":"/opt/airflow/dags/orchestrate.py","lineno":3,"logger":"py.warnings"}
{"timestamp":"2026-10-01T07:36:17.833924Z","level":"info","event":"Filling up the DagBag from /opt/airflow/dags/orchestrate.py","logger":"airflow.dag_processing.dagbag.BundleDagBag","filename":"dagbag.py","lineno":460}
{"timestamp":"2026-10-01T07:36:28.150904Z","level":"warning","event":"The `airflow.operators.bash.BashOperator` attribute is deprecated. Please use `'airflow.providers.standard.operators.bash.BashOperator'`.","category":"UserWarning","filename":"/opt/airflow/dags/orchestrate.py","lineno":3,"logger":"py.warnings"}
{"timestamp":"2026-10-01T07:36:59.204364Z","level":"info","event":"Filling up the DagBag from /opt/airflow/dags/orchestrate.py","logger":"airflow.dag_processing.dagbag.BundleDagBag","filename":"dagbag.py","lineno":460}
{"timestamp":"2026-10-01T07:37:05.255980Z","level":"warning","event":"The `airflow.operators.bash.BashOperator` attribute is deprecated. Please use `'airflow.providers.standard.operators.bash.BashOperator'`.","category":"UserWarning","filename":"/opt/airflow/dags/orchestrate.py","lineno":3,"logger":"py.warnings"}
{"timestamp":"2026-10-01T07:37:36.380213Z","level":"info","event":"Filling up the DagBag from /opt/airflow/dags/orchestrate.py","logger":"airflow.dag_processing.dagbag.BundleDagBag","filename":"dagbag.py","lineno":460}
{"timestamp":"2026-10-01T07:37:41.062053Z","level":"warning","event":"The `airflow.operators.bash.BashOperator` attribute is deprecated. Please use `'airflow.providers.standard.operators.bash.BashOperator'`.","category":"UserWarning","filename":"/opt/airflow/dags/orchestrate.py","lineno":3,"logger":"py.warnings"}
{"timestamp":"2026-10-01T07:38:12.491129Z","level":"info","event":"Filling up the DagBag from /opt/airflow/dags/orchestrate.py","logger":"airflow.dag_processing.dagbag.BundleDagBag","filename":"dagbag.py","lineno":460}
{"timestamp":"2026-10-01T07:38:17.582865Z","level":"warning","event":"The `airflow.operators.bash.BashOperator` attribute is deprecated. Please use `'airflow.providers.standard.operators.bash.BashOperator'`.","category":"UserWarning","filename":"/opt/airflow/dags/orchestrate.py","lineno":3,"logger":"py.warnings"}
{"timestamp":"2026-10-01T07:38:48.835514Z","level":"info","event":"Filling up the DagBag from /opt/airflow/dags/orchestrate.py","logger":"airflow.dag_processing.dagbag.BundleDagBag","filename":"dagbag.py","lineno":460}
{"timestamp":"2026-10-01T07:38:53.596695Z","level":"warning","event":"The `airflow.operators.bash.BashOperator` attribute is deprecated. Please use `'airflow.providers.standard.operators.bash.BashOperator'`.","category":"UserWarning","filename":"/opt/airflow/dags/orchestrate.py","lineno":3,"logger":"py.warnings"}
{"timestamp":"2026-10-01T07:39:24.521941Z","level":"info","event":"Filling up the DagBag from /opt/airflow/dags/orchestrate.py","logger":"airflow.dag_processing.dagbag.BundleDagBag","filename":"dagbag.py","lineno":460}
{"timestamp":"2026-10-01T07:39:29.262454Z","level":"warning","event":"The `airflow.operators.bash.BashOperator` attribute is deprecated. Please use `'airflow.providers.standard.operators.bash.BashOperator'`.","category":"UserWarning","filename":"/opt/airflow/dags/orchestrate.py","lineno":3,"logger":"py.warnings"}
{"timestamp":"2026-10-01T07:40:00.823611Z","level":"info","event":"Filling up the DagBag from /opt/airflow/dags/orchestrate.py","logger":"airflow.dag_processing.dagbag.BundleDagBag","filename":"dagbag.py","lineno":460}
{"timestamp":"2026-10-01T07:40:06.264350Z","level":"warning","event":"The `airflow.operators.bash.BashOperator` attribute is deprecated. Please use `'airflow.providers.standard.operators.bash.BashOperator'`.","category":"UserWarning","filename":"/opt/airflow/dags/orchestrate.py","lineno":3,"logger":"py.warnings"}
{"timestamp":"2026-10-01T07:40:37.556430Z","level":"info","event":"Filling up the DagBag from /opt/airflow/dags/orchestrate.py","logger":"airflow.dag_processing.dagbag.BundleDagBag","filename":"dagbag.py","lineno":460}
{"timestamp":"2026-10-01T10:03:31.861290Z","level":"error","event":"Process timed out, PID: 388","logger":"airflow.dag_processing.importers.python_importer","filename":"python_importer.py","lineno":62}
{"timestamp":"2026-10-01T10:03:31.906672Z","level":"error","event":"Failed to import: /opt/airflow/dags/orchestrate.py","logger":"airflow.dag_processing.importers.python_importer","filename":"python_importer.py","lineno":244,"error_detail":[{"exc_type":"AirflowTaskTimeout","exc_value":"DagBag import timeout for /opt/airflow/dags/orchestrate.py after 30.0s.\nPlease take a look at these docs to improve your DAG import time:\n* https://airflow.apache.org/docs/apache-airflow/3.3.2/best-practices.html#top-level-python-code\n* https://airflow.apache.org/docs/apache-airflow/3.3.2/best-practices.html#reducing-dag-complexity, PID: 388","exc_notes":[],"syntax_error":null,"is_cause":false,"frames":[{"filename":"/home/airflow/.local/lib/python3.13/site-packages/airflow/dag_processing/importers/python_importer.py","lineno":238,"name":"parse"},{"filename":"<frozen importlib._bootstrap_external>","lineno":1023,"name":"exec_module"},{"filename":"<frozen importlib._bootstrap>","lineno":488,"name":"_call_with_frames_removed"},{"filename":"/opt/airflow/dags/orchestrate.py","lineno":4,"name":"<module>"},{"filename":"/home/airflow/.local/lib/python3.13/site-packages/databricks/sdk/__init__.py","lineno":9,"name":"<module>"},{"filename":"/home/airflow/.local/lib/python3.13/site-packages/databricks/sdk/core.py","lineno":10,"name":"<module>"},{"filename":"/home/airflow/.local/lib/python3.13/site-packages/databricks/sdk/_base_client.py","lineno":9,"name":"<module>"},{"filename":"/home/airflow/.local/lib/python3.13/site-packages/requests/__init__.py","lineno":48,"name":"<module>"},{"filename":"/home/airflow/.local/lib/python3.13/site-packages/charset_normalizer/__init__.py","lineno":26,"name":"<module>"},{"filename":"/home/airflow/.local/lib/python3.13/site-packages/charset_normalizer/api.py","lineno":47,"name":"<module>"},{"filename":"/home/airflow/.local/lib/python3.13/site-packages/charset_normalizer/utils.py","lineno":281,"name":"is_multi_byte_encoding"},{"filename":"/usr/python/lib/python3.13/importlib/__init__.py","lineno":88,"name":"import_module"},{"filename":"/usr/python/lib/python3.13/encodings/cp1006.py","lineno":307,"name":"<module>"},{"filename":"/home/airflow/.local/lib/python3.13/site-packages/airflow/dag_processing/importers/python_importer.py","lineno":65,"name":"handle_timeout"}],"is_group":false,"exceptions":[]}]}
{"timestamp":"2026-10-01T10:03:32.109616Z","level":"error","event":"Error loading DAG from orchestrate.py: DagBag import timeout for /opt/airflow/dags/orchestrate.py after 30.0s.\nPlease take a look at these docs to improve your DAG import time:\n* https://airflow.apache.org/docs/apache-airflow/3.3.2/best-practices.html#top-level-python-code\n* https://airflow.apache.org/docs/apache-airflow/3.3.2/best-practices.html#reducing-dag-complexity, PID: 388","logger":"airflow.dag_processing.dagbag.BundleDagBag","filename":"dagbag.py","lineno":319}
{"timestamp":"2026-10-01T10:03:32.176022Z","level":"warning","event":"The `airflow.operators.bash.BashOperator` attribute is deprecated. Please use `'airflow.providers.standard.operators.bash.BashOperator'`.","category":"UserWarning","filename":"/opt/airflow/dags/orchestrate.py","lineno":3,"logger":"py.warnings"}
{"timestamp":"2026-10-01T10:04:04.685272Z","level":"info","event":"Filling up the DagBag from /opt/airflow/dags/orchestrate.py","logger":"airflow.dag_processing.dagbag.BundleDagBag","filename":"dagbag.py","lineno":460}
{"timestamp":"2026-10-01T10:04:09.138076Z","level":"warning","event":"The `airflow.operators.bash.BashOperator` attribute is deprecated. Please use `'airflow.providers.standard.operators.bash.BashOperator'`.","category":"UserWarning","filename":"/opt/airflow/dags/orchestrate.py","lineno":3,"logger":"py.warnings"}
{"timestamp":"2026-10-01T10:04:39.776511Z","level":"info","event":"Filling up the DagBag from /opt/airflow/dags/orchestrate.py","logger":"airflow.dag_processing.dagbag.BundleDagBag","filename":"dagbag.py","lineno":460}
{"timestamp":"2026-10-01T10:04:42.470742Z","level":"warning","event":"The `airflow.operators.bash.BashOperator` attribute is deprecated. Please use `'airflow.providers.standard.operators.bash.BashOperator'`.","category":"UserWarning","filename":"/opt/airflow/dags/orchestrate.py","lineno":3,"logger":"py.warnings"}
{"timestamp":"2026-10-01T10:05:13.173832Z","level":"info","event":"Filling up the DagBag from /opt/airflow/dags/orchestrate.py","logger":"airflow.dag_processing.dagbag.BundleDagBag","filename":"dagbag.py","lineno":460}
{"timestamp":"2026-10-01T10:05:16.257467Z","level":"warning","event":"The `airflow.operators.bash.BashOperator` attribute is deprecated. Please use `'airflow.providers.standard.operators.bash.BashOperator'`.","category":"UserWarning","filename":"/opt/airflow/dags/orchestrate.py","lineno":3,"logger":"py.warnings"}
{"timestamp":"2026-10-01T10:05:46.856661Z","level":"info","event":"Filling up the DagBag from /opt/airflow/dags/orchestrate.py","logger":"airflow.dag_processing.dagbag.BundleDagBag","filename":"dagbag.py","lineno":460}
{"timestamp":"2026-10-01T10:05:49.125197Z","level":"warning","event":"The `airflow.operators.bash.BashOperator` attribute is deprecated. Please use `'airflow.providers.standard.operators.bash.BashOperator'`.","category":"UserWarning","filename":"/opt/airflow/dags/orchestrate.py","lineno":3,"logger":"py.warnings"}
{"timestamp":"2026-10-01T10:06:19.841359Z","level":"info","event":"Filling up the DagBag from /opt/airflow/dags/orchestrate.py","logger":"airflow.dag_processing.dagbag.BundleDagBag","filename":"dagbag.py","lineno":460}
{"timestamp":"2026-10-01T10:06:24.744542Z","level":"warning","event":"The `airflow.operators.bash.BashOperator` attribute is deprecated. Please use `'airflow.providers.standard.operators.bash.BashOperator'`.","category":"UserWarning","filename":"/opt/airflow/dags/orchestrate.py","lineno":3,"logger":"py.warnings"}
{"timestamp":"2026-10-01T10:06:55.609329Z","level":"info","event":"Filling up the DagBag from /opt/airflow/dags/orchestrate.py","logger":"airflow.dag_processing.dagbag.BundleDagBag","filename":"dagbag.py","lineno":460}
{"timestamp":"2026-10-01T10:07:00.339290Z","level":"warning","event":"The `airflow.operators.bash.BashOperator` attribute is deprecated. Please use `'airflow.providers.standard.operators.bash.BashOperator'`.","category":"UserWarning","filename":"/opt/airflow/dags/orchestrate.py","lineno":3,"logger":"py.warnings"}
{"timestamp":"2026-10-01T10:07:31.021368Z","level":"info","event":"Filling up the DagBag from /opt/airflow/dags/orchestrate.py","logger":"airflow.dag_processing.dagbag.BundleDagBag","filename":"dagbag.py","lineno":460}
{"timestamp":"2026-10-01T10:07:33.871563Z","level":"warning","event":"The `airflow.operators.bash.BashOperator` attribute is deprecated. Please use `'airflow.providers.standard.operators.bash.BashOperator'`.","category":"UserWarning","filename":"/opt/airflow/dags/orchestrate.py","lineno":3,"logger":"py.warnings"}
{"timestamp":"2026-10-01T10:08:04.695216Z","level":"info","event":"Filling up the DagBag from /opt/airflow/dags/orchestrate.py","logger":"airflow.dag_processing.dagbag.BundleDagBag","filename":"dagbag.py","lineno":460}
{"timestamp":"2026-10-01T10:08:07.104769Z","level":"warning","event":"The `airflow.operators.bash.BashOperator` attribute is deprecated. Please use `'airflow.providers.standard.operators.bash.BashOperator'`.","category":"UserWarning","filename":"/opt/airflow/dags/orchestrate.py","lineno":3,"logger":"py.warnings"}
{"timestamp":"2026-10-01T10:08:37.617747Z","level":"info","event":"Filling up the DagBag from /opt/airflow/dags/orchestrate.py","logger":"airflow.dag_processing.dagbag.BundleDagBag","filename":"dagbag.py","lineno":460}
{"timestamp":"2026-10-01T10:08:39.973968Z","level":"warning","event":"The `airflow.operators.bash.BashOperator` attribute is deprecated. Please use `'airflow.providers.standard.operators.bash.BashOperator'`.","category":"UserWarning","filename":"/opt/airflow/dags/orchestrate.py","lineno":3,"logger":"py.warnings"}
{"timestamp":"2026-10-01T10:09:10.466029Z","level":"info","event":"Filling up the DagBag from /opt/airflow/dags/orchestrate.py","logger":"airflow.dag_processing.dagbag.BundleDagBag","filename":"dagbag.py","lineno":460}
{"timestamp":"2026-10-01T10:09:13.088409Z","level":"warning","event":"The `airflow.operators.bash.BashOperator` attribute is deprecated. Please use `'airflow.providers.standard.operators.bash.BashOperator'`.","category":"UserWarning","filename":"/opt/airflow/dags/orchestrate.py","lineno":3,"logger":"py.warnings"}
{"timestamp":"2026-10-01T10:09:43.614627Z","level":"info","event":"Filling up the DagBag from /opt/airflow/dags/orchestrate.py","logger":"airflow.dag_processing.dagbag.BundleDagBag","filename":"dagbag.py","lineno":460}
{"timestamp":"2026-10-01T10:09:46.514704Z","level":"warning","event":"The `airflow.operators.bash.BashOperator` attribute is deprecated. Please use `'airflow.providers.standard.operators.bash.BashOperator'`.","category":"UserWarning","filename":"/opt/airflow/dags/orchestrate.py","lineno":3,"logger":"py.warnings"}
{"timestamp":"2026-10-01T10:10:17.073174Z","level":"info","event":"Filling up the DagBag from /opt/airflow/dags/orchestrate.py","logger":"airflow.dag_processing.dagbag.BundleDagBag","filename":"dagbag.py","lineno":460}
{"timestamp":"2026-10-01T10:10:19.322889Z","level":"warning","event":"The `airflow.operators.bash.BashOperator` attribute is deprecated. Please use `'airflow.providers.standard.operators.bash.BashOperator'`.","category":"UserWarning","filename":"/opt/airflow/dags/orchestrate.py","lineno":3,"logger":"py.warnings"}
{"timestamp":"2026-10-01T10:10:49.843830Z","level":"info","event":"Filling up the DagBag from /opt/airflow/dags/orchestrate.py","logger":"airflow.dag_processing.dagbag.BundleDagBag","filename":"dagbag.py","lineno":460}
{"timestamp":"2026-10-01T10:10:52.483507Z","level":"warning","event":"The `airflow.operators.bash.BashOperator` attribute is deprecated. Please use `'airflow.providers.standard.operators.bash.BashOperator'`.","category":"UserWarning","filename":"/opt/airflow/dags/orchestrate.py","lineno":3,"logger":"py.warnings"}
{"timestamp":"2026-10-01T10:11:23.127252Z","level":"info","event":"Filling up the DagBag from /opt/airflow/dags/orchestrate.py","logger":"airflow.dag_processing.dagbag.BundleDagBag","filename":"dagbag.py","lineno":460}
{"timestamp":"2026-10-01T10:11:25.730673Z","level":"warning","event":"The `airflow.operators.bash.BashOperator` attribute is deprecated. Please use `'airflow.providers.standard.operators.bash.BashOperator'`.","category":"UserWarning","filename":"/opt/airflow/dags/orchestrate.py","lineno":3,"logger":"py.warnings"}
{"timestamp":"2026-10-01T10:11:56.233395Z","level":"info","event":"Filling up the DagBag from /opt/airflow/dags/orchestrate.py","logger":"airflow.dag_processing.dagbag.BundleDagBag","filename":"dagbag.py","lineno":460}
{"timestamp":"2026-10-01T10:11:58.526277Z","level":"warning","event":"The `airflow.operators.bash.BashOperator` attribute is deprecated. Please use `'airflow.providers.standard.operators.bash.BashOperator'`.","category":"UserWarning","filename":"/opt/airflow/dags/orchestrate.py","lineno":3,"logger":"py.warnings"}
{"timestamp":"2026-10-01T10:12:29.032095Z","level":"info","event":"Filling up the DagBag from /opt/airflow/dags/orchestrate.py","logger":"airflow.dag_processing.dagbag.BundleDagBag","filename":"dagbag.py","lineno":460}
{"timestamp":"2026-10-01T10:12:31.419578Z","level":"warning","event":"The `airflow.operators.bash.BashOperator` attribute is deprecated. Please use `'airflow.providers.standard.operators.bash.BashOperator'`.","category":"UserWarning","filename":"/opt/airflow/dags/orchestrate.py","lineno":3,"logger":"py.warnings"}
{"timestamp":"2026-10-01T10:13:01.947625Z","level":"info","event":"Filling up the DagBag from /opt/airflow/dags/orchestrate.py","logger":"airflow.dag_processing.dagbag.BundleDagBag","filename":"dagbag.py","lineno":460}
{"timestamp":"2026-10-01T10:13:04.397288Z","level":"warning","event":"The `airflow.operators.bash.BashOperator` attribute is deprecated. Please use `'airflow.providers.standard.operators.bash.BashOperator'`.","category":"UserWarning","filename":"/opt/airflow/dags/orchestrate.py","lineno":3,"logger":"py.warnings"}
{"timestamp":"2026-10-01T10:13:34.951498Z","level":"info","event":"Filling up the DagBag from /opt/airflow/dags/orchestrate.py","logger":"airflow.dag_processing.dagbag.BundleDagBag","filename":"dagbag.py","lineno":460}
{"timestamp":"2026-10-01T10:13:38.129205Z","level":"warning","event":"The `airflow.operators.bash.BashOperator` attribute is deprecated. Please use `'airflow.providers.standard.operators.bash.BashOperator'`.","category":"UserWarning","filename":"/opt/airflow/dags/orchestrate.py","lineno":3,"logger":"py.warnings"}
{"timestamp":"2026-10-01T10:14:08.670153Z","level":"info","event":"Filling up the DagBag from /opt/airflow/dags/orchestrate.py","logger":"airflow.dag_processing.dagbag.BundleDagBag","filename":"dagbag.py","lineno":460}
{"timestamp":"2026-10-01T10:14:11.345443Z","level":"warning","event":"The `airflow.operators.bash.BashOperator` attribute is deprecated. Please use `'airflow.providers.standard.operators.bash.BashOperator'`.","category":"UserWarning","filename":"/opt/airflow/dags/orchestrate.py","lineno":3,"logger":"py.warnings"}
{"timestamp":"2026-10-01T10:14:41.929236Z","level":"info","event":"Filling up the DagBag from /opt/airflow/dags/orchestrate.py","logger":"airflow.dag_processing.dagbag.BundleDagBag","filename":"dagbag.py","lineno":460}
{"timestamp":"2026-10-01T10:14:44.417525Z","level":"warning","event":"The `airflow.operators.bash.BashOperator` attribute is deprecated. Please use `'airflow.providers.standard.operators.bash.BashOperator'`.","category":"UserWarning","filename":"/opt/airflow/dags/orchestrate.py","lineno":3,"logger":"py.warnings"}
{"timestamp":"2026-10-01T10:15:14.994166Z","level":"info","event":"Filling up the DagBag from /opt/airflow/dags/orchestrate.py","logger":"airflow.dag_processing.dagbag.BundleDagBag","filename":"dagbag.py","lineno":460}
{"timestamp":"2026-10-01T10:15:17.277016Z","level":"warning","event":"The `airflow.operators.bash.BashOperator` attribute is deprecated. Please use `'airflow.providers.standard.operators.bash.BashOperator'`.","category":"UserWarning","filename":"/opt/airflow/dags/orchestrate.py","lineno":3,"logger":"py.warnings"}
{"timestamp":"2026-10-01T10:15:47.836381Z","level":"info","event":"Filling up the DagBag from /opt/airflow/dags/orchestrate.py","logger":"airflow.dag_processing.dagbag.BundleDagBag","filename":"dagbag.py","lineno":460}
{"timestamp":"2026-10-01T10:15:49.768408Z","level":"warning","event":"The `airflow.operators.bash.BashOperator` attribute is deprecated. Please use `'airflow.providers.standard.operators.bash.BashOperator'`.","category":"UserWarning","filename":"/opt/airflow/dags/orchestrate.py","lineno":3,"logger":"py.warnings"}
{"timestamp":"2026-10-01T10:16:20.250690Z","level":"info","event":"Filling up the DagBag from /opt/airflow/dags/orchestrate.py","logger":"airflow.dag_processing.dagbag.BundleDagBag","filename":"dagbag.py","lineno":460}
{"timestamp":"2026-10-01T10:16:23.069155Z","level":"warning","event":"The `airflow.operators.bash.BashOperator` attribute is deprecated. Please use `'airflow.providers.standard.operators.bash.BashOperator'`.","category":"UserWarning","filename":"/opt/airflow/dags/orchestrate.py","lineno":3,"logger":"py.warnings"}
{"timestamp":"2026-10-01T10:16:53.545325Z","level":"info","event":"Filling up the DagBag from /opt/airflow/dags/orchestrate.py","logger":"airflow.dag_processing.dagbag.BundleDagBag","filename":"dagbag.py","lineno":460}
{"timestamp":"2026-10-01T10:16:55.737030Z","level":"warning","event":"The `airflow.operators.bash.BashOperator` attribute is deprecated. Please use `'airflow.providers.standard.operators.bash.BashOperator'`.","category":"UserWarning","filename":"/opt/airflow/dags/orchestrate.py","lineno":3,"logger":"py.warnings"}
{"timestamp":"2026-10-01T10:17:26.263556Z","level":"info","event":"Filling up the DagBag from /opt/airflow/dags/orchestrate.py","logger":"airflow.dag_processing.dagbag.BundleDagBag","filename":"dagbag.py","lineno":460}
{"timestamp":"2026-10-01T10:17:28.627993Z","level":"warning","event":"The `airflow.operators.bash.BashOperator` attribute is deprecated. Please use `'airflow.providers.standard.operators.bash.BashOperator'`.","category":"UserWarning","filename":"/opt/airflow/dags/orchestrate.py","lineno":3,"logger":"py.warnings"}
{"timestamp":"2026-10-01T10:17:59.196140Z","level":"info","event":"Filling up the DagBag from /opt/airflow/dags/orchestrate.py","logger":"airflow.dag_processing.dagbag.BundleDagBag","filename":"dagbag.py","lineno":460}
{"timestamp":"2026-10-01T10:18:01.963198Z","level":"warning","event":"The `airflow.operators.bash.BashOperator` attribute is deprecated. Please use `'airflow.providers.standard.operators.bash.BashOperator'`.","category":"UserWarning","filename":"/opt/airflow/dags/orchestrate.py","lineno":3,"logger":"py.warnings"}
{"timestamp":"2026-10-01T10:18:32.533481Z","level":"info","event":"Filling up the DagBag from /opt/airflow/dags/orchestrate.py","logger":"airflow.dag_processing.dagbag.BundleDagBag","filename":"dagbag.py","lineno":460}
{"timestamp":"2026-10-01T10:18:35.050724Z","level":"warning","event":"The `airflow.operators.bash.BashOperator` attribute is deprecated. Please use `'airflow.providers.standard.operators.bash.BashOperator'`.","category":"UserWarning","filename":"/opt/airflow/dags/orchestrate.py","lineno":3,"logger":"py.warnings"}
{"timestamp":"2026-10-01T10:19:05.534558Z","level":"info","event":"Filling up the DagBag from /opt/airflow/dags/orchestrate.py","logger":"airflow.dag_processing.dagbag.BundleDagBag","filename":"dagbag.py","lineno":460}
{"timestamp":"2026-10-01T10:19:07.849199Z","level":"warning","event":"The `airflow.operators.bash.BashOperator` attribute is deprecated. Please use `'airflow.providers.standard.operators.bash.BashOperator'`.","category":"UserWarning","filename":"/opt/airflow/dags/orchestrate.py","lineno":3,"logger":"py.warnings"}
{"timestamp":"2026-10-01T10:19:38.410486Z","level":"info","event":"Filling up the DagBag from /opt/airflow/dags/orchestrate.py","logger":"airflow.dag_processing.dagbag.BundleDagBag","filename":"dagbag.py","lineno":460}
{"timestamp":"2026-10-01T10:19:40.953532Z","level":"warning","event":"The `airflow.operators.bash.BashOperator` attribute is deprecated. Please use `'airflow.providers.standard.operators.bash.BashOperator'`.","category":"UserWarning","filename":"/opt/airflow/dags/orchestrate.py","lineno":3,"logger":"py.warnings"}
{"timestamp":"2026-10-01T10:20:11.482658Z","level":"info","event":"Filling up the DagBag from /opt/airflow/dags/orchestrate.py","logger":"airflow.dag_processing.dagbag.BundleDagBag","filename":"dagbag.py","lineno":460}
{"timestamp":"2026-10-01T10:20:14.100662Z","level":"warning","event":"The `airflow.operators.bash.BashOperator` attribute is deprecated. Please use `'airflow.providers.standard.operators.bash.BashOperator'`.","category":"UserWarning","filename":"/opt/airflow/dags/orchestrate.py","lineno":3,"logger":"py.warnings"}
{"timestamp":"2026-10-01T10:20:44.582952Z","level":"info","event":"Filling up the DagBag from /opt/airflow/dags/orchestrate.py","logger":"airflow.dag_processing.dagbag.BundleDagBag","filename":"dagbag.py","lineno":460}
{"timestamp":"2026-10-01T10:20:46.830800Z","level":"warning","event":"The `airflow.operators.bash.BashOperator` attribute is deprecated. Please use `'airflow.providers.standard.operators.bash.BashOperator'`.","category":"UserWarning","filename":"/opt/airflow/dags/orchestrate.py","lineno":3,"logger":"py.warnings"}
{"timestamp":"2026-10-01T10:21:17.290155Z","level":"info","event":"Filling up the DagBag from /opt/airflow/dags/orchestrate.py","logger":"airflow.dag_processing.dagbag.BundleDagBag","filename":"dagbag.py","lineno":460}
{"timestamp":"2026-10-01T10:21:19.590488Z","level":"warning","event":"The `airflow.operators.bash.BashOperator` attribute is deprecated. Please use `'airflow.providers.standard.operators.bash.BashOperator'`.","category":"UserWarning","filename":"/opt/airflow/dags/orchestrate.py","lineno":3,"logger":"py.warnings"}
{"timestamp":"2026-10-01T10:21:50.112595Z","level":"info","event":"Filling up the DagBag from /opt/airflow/dags/orchestrate.py","logger":"airflow.dag_processing.dagbag.BundleDagBag","filename":"dagbag.py","lineno":460}
{"timestamp":"2026-10-01T10:21:52.039979Z","level":"warning","event":"The `airflow.operators.bash.BashOperator` attribute is deprecated. Please use `'airflow.providers.standard.operators.bash.BashOperator'`.","category":"UserWarning","filename":"/opt/airflow/dags/orchestrate.py","lineno":3,"logger":"py.warnings"}
{"timestamp":"2026-10-01T10:22:22.543487Z","level":"info","event":"Filling up the DagBag from /opt/airflow/dags/orchestrate.py","logger":"airflow.dag_processing.dagbag.BundleDagBag","filename":"dagbag.py","lineno":460}
{"timestamp":"2026-10-01T10:22:25.032385Z","level":"warning","event":"The `airflow.operators.bash.BashOperator` attribute is deprecated. Please use `'airflow.providers.standard.operators.bash.BashOperator'`.","category":"UserWarning","filename":"/opt/airflow/dags/orchestrate.py","lineno":3,"logger":"py.warnings"}
{"timestamp":"2026-10-01T10:22:55.553239Z","level":"info","event":"Filling up the DagBag from /opt/airflow/dags/orchestrate.py","logger":"airflow.dag_processing.dagbag.BundleDagBag","filename":"dagbag.py","lineno":460}
{"timestamp":"2026-10-01T10:22:58.035031Z","level":"warning","event":"The `airflow.operators.bash.BashOperator` attribute is deprecated. Please use `'airflow.providers.standard.operators.bash.BashOperator'`.","category":"UserWarning","filename":"/opt/airflow/dags/orchestrate.py","lineno":3,"logger":"py.warnings"}
{"timestamp":"2026-10-01T10:23:28.764922Z","level":"info","event":"Filling up the DagBag from /opt/airflow/dags/orchestrate.py","logger":"airflow.dag_processing.dagbag.BundleDagBag","filename":"dagbag.py","lineno":460}
{"timestamp":"2026-10-01T10:23:31.587774Z","level":"warning","event":"The `airflow.operators.bash.BashOperator` attribute is deprecated. Please use `'airflow.providers.standard.operators.bash.BashOperator'`.","category":"UserWarning","filename":"/opt/airflow/dags/orchestrate.py","lineno":3,"logger":"py.warnings"}
{"timestamp":"2026-10-01T10:24:02.181259Z","level":"info","event":"Filling up the DagBag from /opt/airflow/dags/orchestrate.py","logger":"airflow.dag_processing.dagbag.BundleDagBag","filename":"dagbag.py","lineno":460}
{"timestamp":"2026-10-01T10:24:05.142245Z","level":"warning","event":"The `airflow.operators.bash.BashOperator` attribute is deprecated. Please use `'airflow.providers.standard.operators.bash.BashOperator'`.","category":"UserWarning","filename":"/opt/airflow/dags/orchestrate.py","lineno":3,"logger":"py.warnings"}
{"timestamp":"2026-10-01T10:24:35.899469Z","level":"info","event":"Filling up the DagBag from /opt/airflow/dags/orchestrate.py","logger":"airflow.dag_processing.dagbag.BundleDagBag","filename":"dagbag.py","lineno":460}
{"timestamp":"2026-10-01T10:24:38.803833Z","level":"warning","event":"The `airflow.operators.bash.BashOperator` attribute is deprecated. Please use `'airflow.providers.standard.operators.bash.BashOperator'`.","category":"UserWarning","filename":"/opt/airflow/dags/orchestrate.py","lineno":3,"logger":"py.warnings"}
{"timestamp":"2026-10-01T10:25:09.336047Z","level":"info","event":"Filling up the DagBag from /opt/airflow/dags/orchestrate.py","logger":"airflow.dag_processing.dagbag.BundleDagBag","filename":"dagbag.py","lineno":460}
{"timestamp":"2026-10-01T10:25:11.552732Z","level":"warning","event":"The `airflow.operators.bash.BashOperator` attribute is deprecated. Please use `'airflow.providers.standard.operators.bash.BashOperator'`.","category":"UserWarning","filename":"/opt/airflow/dags/orchestrate.py","lineno":3,"logger":"py.warnings"}
{"timestamp":"2026-10-01T10:25:42.098643Z","level":"info","event":"Filling up the DagBag from /opt/airflow/dags/orchestrate.py","logger":"airflow.dag_processing.dagbag.BundleDagBag","filename":"dagbag.py","lineno":460}
{"timestamp":"2026-10-01T10:25:44.746673Z","level":"warning","event":"The `airflow.operators.bash.BashOperator` attribute is deprecated. Please use `'airflow.providers.standard.operators.bash.BashOperator'`.","category":"UserWarning","filename":"/opt/airflow/dags/orchestrate.py","lineno":3,"logger":"py.warnings"}
{"timestamp":"2026-10-01T10:26:15.406024Z","level":"info","event":"Filling up the DagBag from /opt/airflow/dags/orchestrate.py","logger":"airflow.dag_processing.dagbag.BundleDagBag","filename":"dagbag.py","lineno":460}
{"timestamp":"2026-10-01T10:26:18.222649Z","level":"warning","event":"The `airflow.operators.bash.BashOperator` attribute is deprecated. Please use `'airflow.providers.standard.operators.bash.BashOperator'`.","category":"UserWarning","filename":"/opt/airflow/dags/orchestrate.py","lineno":3,"logger":"py.warnings"}
{"timestamp":"2026-10-01T10:26:48.757735Z","level":"info","event":"Filling up the DagBag from /opt/airflow/dags/orchestrate.py","logger":"airflow.dag_processing.dagbag.BundleDagBag","filename":"dagbag.py","lineno":460}
{"timestamp":"2026-10-01T10:26:52.061547Z","level":"warning","event":"The `airflow.operators.bash.BashOperator` attribute is deprecated. Please use `'airflow.providers.standard.operators.bash.BashOperator'`.","category":"UserWarning","filename":"/opt/airflow/dags/orchestrate.py","lineno":3,"logger":"py.warnings"}
{"timestamp":"2026-10-01T10:27:22.694813Z","level":"info","event":"Filling up the DagBag from /opt/airflow/dags/orchestrate.py","logger":"airflow.dag_processing.dagbag.BundleDagBag","filename":"dagbag.py","lineno":460}
{"timestamp":"2026-10-01T10:27:25.075200Z","level":"warning","event":"The `airflow.operators.bash.BashOperator` attribute is deprecated. Please use `'airflow.providers.standard.operators.bash.BashOperator'`.","category":"UserWarning","filename":"/opt/airflow/dags/orchestrate.py","lineno":3,"logger":"py.warnings"}
{"timestamp":"2026-10-01T10:27:55.620683Z","level":"info","event":"Filling up the DagBag from /opt/airflow/dags/orchestrate.py","logger":"airflow.dag_processing.dagbag.BundleDagBag","filename":"dagbag.py","lineno":460}
{"timestamp":"2026-10-01T10:27:57.943614Z","level":"warning","event":"The `airflow.operators.bash.BashOperator` attribute is deprecated. Please use `'airflow.providers.standard.operators.bash.BashOperator'`.","category":"UserWarning","filename":"/opt/airflow/dags/orchestrate.py","lineno":3,"logger":"py.warnings"}
{"timestamp":"2026-10-01T10:28:28.483326Z","level":"info","event":"Filling up the DagBag from /opt/airflow/dags/orchestrate.py","logger":"airflow.dag_processing.dagbag.BundleDagBag","filename":"dagbag.py","lineno":460}
{"timestamp":"2026-10-01T10:28:31.009714Z","level":"warning","event":"The `airflow.operators.bash.BashOperator` attribute is deprecated. Please use `'airflow.providers.standard.operators.bash.BashOperator'`.","category":"UserWarning","filename":"/opt/airflow/dags/orchestrate.py","lineno":3,"logger":"py.warnings"}
{"timestamp":"2026-10-01T10:29:01.583681Z","level":"info","event":"Filling up the DagBag from /opt/airflow/dags/orchestrate.py","logger":"airflow.dag_processing.dagbag.BundleDagBag","filename":"dagbag.py","lineno":460}
{"timestamp":"2026-10-01T10:29:04.121898Z","level":"warning","event":"The `airflow.operators.bash.BashOperator` attribute is deprecated. Please use `'airflow.providers.standard.operators.bash.BashOperator'`.","category":"UserWarning","filename":"/opt/airflow/dags/orchestrate.py","lineno":3,"logger":"py.warnings"}
{"timestamp":"2026-10-01T10:29:34.691104Z","level":"info","event":"Filling up the DagBag from /opt/airflow/dags/orchestrate.py","logger":"airflow.dag_processing.dagbag.BundleDagBag","filename":"dagbag.py","lineno":460}
{"timestamp":"2026-10-01T10:29:37.510486Z","level":"warning","event":"The `airflow.operators.bash.BashOperator` attribute is deprecated. Please use `'airflow.providers.standard.operators.bash.BashOperator'`.","category":"UserWarning","filename":"/opt/airflow/dags/orchestrate.py","lineno":3,"logger":"py.warnings"}
{"timestamp":"2026-10-01T10:30:08.114164Z","level":"info","event":"Filling up the DagBag from /opt/airflow/dags/orchestrate.py","logger":"airflow.dag_processing.dagbag.BundleDagBag","filename":"dagbag.py","lineno":460}
{"timestamp":"2026-10-01T10:30:10.656655Z","level":"warning","event":"The `airflow.operators.bash.BashOperator` attribute is deprecated. Please use `'airflow.providers.standard.operators.bash.BashOperator'`.","category":"UserWarning","filename":"/opt/airflow/dags/orchestrate.py","lineno":3,"logger":"py.warnings"}
{"timestamp":"2026-10-01T10:30:41.213703Z","level":"info","event":"Filling up the DagBag from /opt/airflow/dags/orchestrate.py","logger":"airflow.dag_processing.dagbag.BundleDagBag","filename":"dagbag.py","lineno":460}
{"timestamp":"2026-10-01T10:30:43.894624Z","level":"warning","event":"The `airflow.operators.bash.BashOperator` attribute is deprecated. Please use `'airflow.providers.standard.operators.bash.BashOperator'`.","category":"UserWarning","filename":"/opt/airflow/dags/orchestrate.py","lineno":3,"logger":"py.warnings"}
{"timestamp":"2026-10-01T10:31:14.501318Z","level":"info","event":"Filling up the DagBag from /opt/airflow/dags/orchestrate.py","logger":"airflow.dag_processing.dagbag.BundleDagBag","filename":"dagbag.py","lineno":460}
{"timestamp":"2026-10-01T10:31:17.055956Z","level":"warning","event":"The `airflow.operators.bash.BashOperator` attribute is deprecated. Please use `'airflow.providers.standard.operators.bash.BashOperator'`.","category":"UserWarning","filename":"/opt/airflow/dags/orchestrate.py","lineno":3,"logger":"py.warnings"}
{"timestamp":"2026-10-01T10:31:47.635358Z","level":"info","event":"Filling up the DagBag from /opt/airflow/dags/orchestrate.py","logger":"airflow.dag_processing.dagbag.BundleDagBag","filename":"dagbag.py","lineno":460}
{"timestamp":"2026-10-01T10:31:50.375466Z","level":"warning","event":"The `airflow.operators.bash.BashOperator` attribute is deprecated. Please use `'airflow.providers.standard.operators.bash.BashOperator'`.","category":"UserWarning","filename":"/opt/airflow/dags/orchestrate.py","lineno":3,"logger":"py.warnings"}
{"timestamp":"2026-10-01T10:32:21.005783Z","level":"info","event":"Filling up the DagBag from /opt/airflow/dags/orchestrate.py","logger":"airflow.dag_processing.dagbag.BundleDagBag","filename":"dagbag.py","lineno":460}
{"timestamp":"2026-10-01T10:32:27.086904Z","level":"warning","event":"The `airflow.operators.bash.BashOperator` attribute is deprecated. Please use `'airflow.providers.standard.operators.bash.BashOperator'`.","category":"UserWarning","filename":"/opt/airflow/dags/orchestrate.py","lineno":3,"logger":"py.warnings"}
{"timestamp":"2026-10-01T10:32:58.027618Z","level":"info","event":"Filling up the DagBag from /opt/airflow/dags/orchestrate.py","logger":"airflow.dag_processing.dagbag.BundleDagBag","filename":"dagbag.py","lineno":460}
{"timestamp":"2026-10-01T10:33:07.388109Z","level":"warning","event":"The `airflow.operators.bash.BashOperator` attribute is deprecated. Please use `'airflow.providers.standard.operators.bash.BashOperator'`.","category":"UserWarning","filename":"/opt/airflow/dags/orchestrate.py","lineno":3,"logger":"py.warnings"}
{"timestamp":"2026-10-01T10:33:38.482106Z","level":"info","event":"Filling up the DagBag from /opt/airflow/dags/orchestrate.py","logger":"airflow.dag_processing.dagbag.BundleDagBag","filename":"dagbag.py","lineno":460}
{"timestamp":"2026-10-01T10:33:45.137866Z","level":"warning","event":"The `airflow.operators.bash.BashOperator` attribute is deprecated. Please use `'airflow.providers.standard.operators.bash.BashOperator'`.","category":"UserWarning","filename":"/opt/airflow/dags/orchestrate.py","lineno":3,"logger":"py.warnings"}
{"timestamp":"2026-10-01T10:34:16.304863Z","level":"info","event":"Filling up the DagBag from /opt/airflow/dags/orchestrate.py","logger":"airflow.dag_processing.dagbag.BundleDagBag","filename":"dagbag.py","lineno":460}
{"timestamp":"2026-10-01T10:34:19.640640Z","level":"warning","event":"The `airflow.operators.bash.BashOperator` attribute is deprecated. Please use `'airflow.providers.standard.operators.bash.BashOperator'`.","category":"UserWarning","filename":"/opt/airflow/dags/orchestrate.py","lineno":3,"logger":"py.warnings"}
{"timestamp":"2026-10-01T10:34:50.526750Z","level":"info","event":"Filling up the DagBag from /opt/airflow/dags/orchestrate.py","logger":"airflow.dag_processing.dagbag.BundleDagBag","filename":"dagbag.py","lineno":460}
{"timestamp":"2026-10-01T10:34:54.187650Z","level":"warning","event":"The `airflow.operators.bash.BashOperator` attribute is deprecated. Please use `'airflow.providers.standard.operators.bash.BashOperator'`.","category":"UserWarning","filename":"/opt/airflow/dags/orchestrate.py","lineno":3,"logger":"py.warnings"}
{"timestamp":"2026-10-01T10:35:25.927936Z","level":"info","event":"Filling up the DagBag from /opt/airflow/dags/orchestrate.py","logger":"airflow.dag_processing.dagbag.BundleDagBag","filename":"dagbag.py","lineno":460}
{"timestamp":"2026-10-01T10:35:28.983881Z","level":"warning","event":"The `airflow.operators.bash.BashOperator` attribute is deprecated. Please use `'airflow.providers.standard.operators.bash.BashOperator'`.","category":"UserWarning","filename":"/opt/airflow/dags/orchestrate.py","lineno":3,"logger":"py.warnings"}
{"timestamp":"2026-10-01T10:35:59.904320Z","level":"info","event":"Filling up the DagBag from /opt/airflow/dags/orchestrate.py","logger":"airflow.dag_processing.dagbag.BundleDagBag","filename":"dagbag.py","lineno":460}
{"timestamp":"2026-10-01T10:36:02.476316Z","level":"warning","event":"The `airflow.operators.bash.BashOperator` attribute is deprecated. Please use `'airflow.providers.standard.operators.bash.BashOperator'`.","category":"UserWarning","filename":"/opt/airflow/dags/orchestrate.py","lineno":3,"logger":"py.warnings"}
{"timestamp":"2026-10-01T10:46:00.354967Z","level":"info","event":"Filling up the DagBag from /opt/airflow/dags/orchestrate.py","logger":"airflow.dag_processing.dagbag.BundleDagBag","filename":"dagbag.py","lineno":460}
{"timestamp":"2026-10-01T10:46:17.246448Z","level":"warning","event":"The `airflow.operators.bash.BashOperator` attribute is deprecated. Please use `'airflow.providers.standard.operators.bash.BashOperator'`.","category":"UserWarning","filename":"/opt/airflow/dags/orchestrate.py","lineno":3,"logger":"py.warnings"}
{"timestamp":"2026-10-01T10:46:50.317860Z","level":"info","event":"Filling up the DagBag from /opt/airflow/dags/orchestrate.py","logger":"airflow.dag_processing.dagbag.BundleDagBag","filename":"dagbag.py","lineno":460}
{"timestamp":"2026-10-01T10:46:57.052842Z","level":"warning","event":"The `airflow.operators.bash.BashOperator` attribute is deprecated. Please use `'airflow.providers.standard.operators.bash.BashOperator'`.","category":"UserWarning","filename":"/opt/airflow/dags/orchestrate.py","lineno":3,"logger":"py.warnings"}
{"timestamp":"2026-10-01T10:47:28.038879Z","level":"info","event":"Filling up the DagBag from /opt/airflow/dags/orchestrate.py","logger":"airflow.dag_processing.dagbag.BundleDagBag","filename":"dagbag.py","lineno":460}
{"timestamp":"2026-10-01T10:47:31.657081Z","level":"warning","event":"The `airflow.operators.bash.BashOperator` attribute is deprecated. Please use `'airflow.providers.standard.operators.bash.BashOperator'`.","category":"UserWarning","filename":"/opt/airflow/dags/orchestrate.py","lineno":3,"logger":"py.warnings"}
{"timestamp":"2026-10-01T10:48:02.249683Z","level":"info","event":"Filling up the DagBag from /opt/airflow/dags/orchestrate.py","logger":"airflow.dag_processing.dagbag.BundleDagBag","filename":"dagbag.py","lineno":460}
{"timestamp":"2026-10-01T10:48:04.667504Z","level":"warning","event":"The `airflow.operators.bash.BashOperator` attribute is deprecated. Please use `'airflow.providers.standard.operators.bash.BashOperator'`.","category":"UserWarning","filename":"/opt/airflow/dags/orchestrate.py","lineno":3,"logger":"py.warnings"}
{"timestamp":"2026-10-01T10:48:35.227629Z","level":"info","event":"Filling up the DagBag from /opt/airflow/dags/orchestrate.py","logger":"airflow.dag_processing.dagbag.BundleDagBag","filename":"dagbag.py","lineno":460}
{"timestamp":"2026-10-01T10:48:37.676200Z","level":"warning","event":"The `airflow.operators.bash.BashOperator` attribute is deprecated. Please use `'airflow.providers.standard.operators.bash.BashOperator'`.","category":"UserWarning","filename":"/opt/airflow/dags/orchestrate.py","lineno":3,"logger":"py.warnings"}
{"timestamp":"2026-10-01T10:49:08.249866Z","level":"info","event":"Filling up the DagBag from /opt/airflow/dags/orchestrate.py","logger":"airflow.dag_processing.dagbag.BundleDagBag","filename":"dagbag.py","lineno":460}
{"timestamp":"2026-10-01T10:49:11.283298Z","level":"warning","event":"The `airflow.operators.bash.BashOperator` attribute is deprecated. Please use `'airflow.providers.standard.operators.bash.BashOperator'`.","category":"UserWarning","filename":"/opt/airflow/dags/orchestrate.py","lineno":3,"logger":"py.warnings"}
{"timestamp":"2026-10-01T10:49:41.832070Z","level":"info","event":"Filling up the DagBag from /opt/airflow/dags/orchestrate.py","logger":"airflow.dag_processing.dagbag.BundleDagBag","filename":"dagbag.py","lineno":460}
{"timestamp":"2026-10-01T10:49:44.187001Z","level":"warning","event":"The `airflow.operators.bash.BashOperator` attribute is deprecated. Please use `'airflow.providers.standard.operators.bash.BashOperator'`.","category":"UserWarning","filename":"/opt/airflow/dags/orchestrate.py","lineno":3,"logger":"py.warnings"}
{"timestamp":"2026-10-01T10:50:14.737625Z","level":"info","event":"Filling up the DagBag from /opt/airflow/dags/orchestrate.py","logger":"airflow.dag_processing.dagbag.BundleDagBag","filename":"dagbag.py","lineno":460}
{"timestamp":"2026-10-01T10:50:17.634196Z","level":"warning","event":"The `airflow.operators.bash.BashOperator` attribute is deprecated. Please use `'airflow.providers.standard.operators.bash.BashOperator'`.","category":"UserWarning","filename":"/opt/airflow/dags/orchestrate.py","lineno":3,"logger":"py.warnings"}
{"timestamp":"2026-10-01T10:50:48.289571Z","level":"info","event":"Filling up the DagBag from /opt/airflow/dags/orchestrate.py","logger":"airflow.dag_processing.dagbag.BundleDagBag","filename":"dagbag.py","lineno":460}
{"timestamp":"2026-10-01T10:50:51.812958Z","level":"warning","event":"The `airflow.operators.bash.BashOperator` attribute is deprecated. Please use `'airflow.providers.standard.operators.bash.BashOperator'`.","category":"UserWarning","filename":"/opt/airflow/dags/orchestrate.py","lineno":3,"logger":"py.warnings"}
{"timestamp":"2026-10-01T10:51:22.345744Z","level":"info","event":"Filling up the DagBag from /opt/airflow/dags/orchestrate.py","logger":"airflow.dag_processing.dagbag.BundleDagBag","filename":"dagbag.py","lineno":460}
{"timestamp":"2026-10-01T10:51:25.220917Z","level":"warning","event":"The `airflow.operators.bash.BashOperator` attribute is deprecated. Please use `'airflow.providers.standard.operators.bash.BashOperator'`.","category":"UserWarning","filename":"/opt/airflow/dags/orchestrate.py","lineno":3,"logger":"py.warnings"}
{"timestamp":"2026-10-01T10:51:55.829782Z","level":"info","event":"Filling up the DagBag from /opt/airflow/dags/orchestrate.py","logger":"airflow.dag_processing.dagbag.BundleDagBag","filename":"dagbag.py","lineno":460}
{"timestamp":"2026-10-01T10:51:58.711375Z","level":"warning","event":"The `airflow.operators.bash.BashOperator` attribute is deprecated. Please use `'airflow.providers.standard.operators.bash.BashOperator'`.","category":"UserWarning","filename":"/opt/airflow/dags/orchestrate.py","lineno":3,"logger":"py.warnings"}
{"timestamp":"2026-10-01T10:52:29.250695Z","level":"info","event":"Filling up the DagBag from /opt/airflow/dags/orchestrate.py","logger":"airflow.dag_processing.dagbag.BundleDagBag","filename":"dagbag.py","lineno":460}
{"timestamp":"2026-10-01T10:52:31.718369Z","level":"warning","event":"The `airflow.operators.bash.BashOperator` attribute is deprecated. Please use `'airflow.providers.standard.operators.bash.BashOperator'`.","category":"UserWarning","filename":"/opt/airflow/dags/orchestrate.py","lineno":3,"logger":"py.warnings"}
{"timestamp":"2026-10-01T10:53:02.266098Z","level":"info","event":"Filling up the DagBag from /opt/airflow/dags/orchestrate.py","logger":"airflow.dag_processing.dagbag.BundleDagBag","filename":"dagbag.py","lineno":460}
{"timestamp":"2026-10-01T10:53:04.937311Z","level":"warning","event":"The `airflow.operators.bash.BashOperator` attribute is deprecated. Please use `'airflow.providers.standard.operators.bash.BashOperator'`.","category":"UserWarning","filename":"/opt/airflow/dags/orchestrate.py","lineno":3,"logger":"py.warnings"}
{"timestamp":"2026-10-01T10:53:35.635902Z","level":"info","event":"Filling up the DagBag from /opt/airflow/dags/orchestrate.py","logger":"airflow.dag_processing.dagbag.BundleDagBag","filename":"dagbag.py","lineno":460}
{"timestamp":"2026-10-01T10:53:39.146583Z","level":"warning","event":"The `airflow.operators.bash.BashOperator` attribute is deprecated. Please use `'airflow.providers.standard.operators.bash.BashOperator'`.","category":"UserWarning","filename":"/opt/airflow/dags/orchestrate.py","lineno":3,"logger":"py.warnings"}
{"timestamp":"2026-10-01T10:54:09.741847Z","level":"info","event":"Filling up the DagBag from /opt/airflow/dags/orchestrate.py","logger":"airflow.dag_processing.dagbag.BundleDagBag","filename":"dagbag.py","lineno":460}
{"timestamp":"2026-10-01T10:54:12.540497Z","level":"warning","event":"The `airflow.operators.bash.BashOperator` attribute is deprecated. Please use `'airflow.providers.standard.operators.bash.BashOperator'`.","category":"UserWarning","filename":"/opt/airflow/dags/orchestrate.py","lineno":3,"logger":"py.warnings"}
{"timestamp":"2026-10-01T10:54:43.096993Z","level":"info","event":"Filling up the DagBag from /opt/airflow/dags/orchestrate.py","logger":"airflow.dag_processing.dagbag.BundleDagBag","filename":"dagbag.py","lineno":460}
{"timestamp":"2026-10-01T10:54:45.367005Z","level":"warning","event":"The `airflow.operators.bash.BashOperator` attribute is deprecated. Please use `'airflow.providers.standard.operators.bash.BashOperator'`.","category":"UserWarning","filename":"/opt/airflow/dags/orchestrate.py","lineno":3,"logger":"py.warnings"}
{"timestamp":"2026-10-01T10:55:15.967805Z","level":"info","event":"Filling up the DagBag from /opt/airflow/dags/orchestrate.py","logger":"airflow.dag_processing.dagbag.BundleDagBag","filename":"dagbag.py","lineno":460}
{"timestamp":"2026-10-01T10:55:18.714312Z","level":"warning","event":"The `airflow.operators.bash.BashOperator` attribute is deprecated. Please use `'airflow.providers.standard.operators.bash.BashOperator'`.","category":"UserWarning","filename":"/opt/airflow/dags/orchestrate.py","lineno":3,"logger":"py.warnings"}
{"timestamp":"2026-10-01T10:55:49.298776Z","level":"info","event":"Filling up the DagBag from /opt/airflow/dags/orchestrate.py","logger":"airflow.dag_processing.dagbag.BundleDagBag","filename":"dagbag.py","lineno":460}
{"timestamp":"2026-10-01T10:55:52.007679Z","level":"warning","event":"The `airflow.operators.bash.BashOperator` attribute is deprecated. Please use `'airflow.providers.standard.operators.bash.BashOperator'`.","category":"UserWarning","filename":"/opt/airflow/dags/orchestrate.py","lineno":3,"logger":"py.warnings"}
{"timestamp":"2026-10-01T10:56:22.695533Z","level":"info","event":"Filling up the DagBag from /opt/airflow/dags/orchestrate.py","logger":"airflow.dag_processing.dagbag.BundleDagBag","filename":"dagbag.py","lineno":460}
{"timestamp":"2026-10-01T10:56:25.208604Z","level":"warning","event":"The `airflow.operators.bash.BashOperator` attribute is deprecated. Please use `'airflow.providers.standard.operators.bash.BashOperator'`.","category":"UserWarning","filename":"/opt/airflow/dags/orchestrate.py","lineno":3,"logger":"py.warnings"}
{"timestamp":"2026-10-01T10:56:55.852610Z","level":"info","event":"Filling up the DagBag from /opt/airflow/dags/orchestrate.py","logger":"airflow.dag_processing.dagbag.BundleDagBag","filename":"dagbag.py","lineno":460}
{"timestamp":"2026-10-01T10:56:58.883054Z","level":"warning","event":"The `airflow.operators.bash.BashOperator` attribute is deprecated. Please use `'airflow.providers.standard.operators.bash.BashOperator'`.","category":"UserWarning","filename":"/opt/airflow/dags/orchestrate.py","lineno":3,"logger":"py.warnings"}
{"timestamp":"2026-10-01T10:57:29.476459Z","level":"info","event":"Filling up the DagBag from /opt/airflow/dags/orchestrate.py","logger":"airflow.dag_processing.dagbag.BundleDagBag","filename":"dagbag.py","lineno":460}
{"timestamp":"2026-10-01T10:57:32.671807Z","level":"warning","event":"The `airflow.operators.bash.BashOperator` attribute is deprecated. Please use `'airflow.providers.standard.operators.bash.BashOperator'`.","category":"UserWarning","filename":"/opt/airflow/dags/orchestrate.py","lineno":3,"logger":"py.warnings"}
{"timestamp":"2026-10-01T10:58:03.261636Z","level":"info","event":"Filling up the DagBag from /opt/airflow/dags/orchestrate.py","logger":"airflow.dag_processing.dagbag.BundleDagBag","filename":"dagbag.py","lineno":460}
{"timestamp":"2026-10-01T10:58:06.827489Z","level":"warning","event":"The `airflow.operators.bash.BashOperator` attribute is deprecated. Please use `'airflow.providers.standard.operators.bash.BashOperator'`.","category":"UserWarning","filename":"/opt/airflow/dags/orchestrate.py","lineno":3,"logger":"py.warnings"}
{"timestamp":"2026-10-01T10:58:37.385233Z","level":"info","event":"Filling up the DagBag from /opt/airflow/dags/orchestrate.py","logger":"airflow.dag_processing.dagbag.BundleDagBag","filename":"dagbag.py","lineno":460}
{"timestamp":"2026-10-01T10:58:39.689850Z","level":"warning","event":"The `airflow.operators.bash.BashOperator` attribute is deprecated. Please use `'airflow.providers.standard.operators.bash.BashOperator'`.","category":"UserWarning","filename":"/opt/airflow/dags/orchestrate.py","lineno":3,"logger":"py.warnings"}
{"timestamp":"2026-10-01T10:59:10.234306Z","level":"info","event":"Filling up the DagBag from /opt/airflow/dags/orchestrate.py","logger":"airflow.dag_processing.dagbag.BundleDagBag","filename":"dagbag.py","lineno":460}
{"timestamp":"2026-10-01T10:59:12.757355Z","level":"warning","event":"The `airflow.operators.bash.BashOperator` attribute is deprecated. Please use `'airflow.providers.standard.operators.bash.BashOperator'`.","category":"UserWarning","filename":"/opt/airflow/dags/orchestrate.py","lineno":3,"logger":"py.warnings"}
{"timestamp":"2026-10-01T10:59:43.265301Z","level":"info","event":"Filling up the DagBag from /opt/airflow/dags/orchestrate.py","logger":"airflow.dag_processing.dagbag.BundleDagBag","filename":"dagbag.py","lineno":460}
{"timestamp":"2026-10-01T10:59:45.791314Z","level":"warning","event":"The `airflow.operators.bash.BashOperator` attribute is deprecated. Please use `'airflow.providers.standard.operators.bash.BashOperator'`.","category":"UserWarning","filename":"/opt/airflow/dags/orchestrate.py","lineno":3,"logger":"py.warnings"}
{"timestamp":"2026-10-01T11:00:16.361306Z","level":"info","event":"Filling up the DagBag from /opt/airflow/dags/orchestrate.py","logger":"airflow.dag_processing.dagbag.BundleDagBag","filename":"dagbag.py","lineno":460}
{"timestamp":"2026-10-01T11:00:19.263669Z","level":"warning","event":"The `airflow.operators.bash.BashOperator` attribute is deprecated. Please use `'airflow.providers.standard.operators.bash.BashOperator'`.","category":"UserWarning","filename":"/opt/airflow/dags/orchestrate.py","lineno":3,"logger":"py.warnings"}
{"timestamp":"2026-10-01T11:00:50.117374Z","level":"info","event":"Filling up the DagBag from /opt/airflow/dags/orchestrate.py","logger":"airflow.dag_processing.dagbag.BundleDagBag","filename":"dagbag.py","lineno":460}
{"timestamp":"2026-10-01T11:00:53.169091Z","level":"warning","event":"The `airflow.operators.bash.BashOperator` attribute is deprecated. Please use `'airflow.providers.standard.operators.bash.BashOperator'`.","category":"UserWarning","filename":"/opt/airflow/dags/orchestrate.py","lineno":3,"logger":"py.warnings"}
{"timestamp":"2026-10-01T11:01:23.822854Z","level":"info","event":"Filling up the DagBag from /opt/airflow/dags/orchestrate.py","logger":"airflow.dag_processing.dagbag.BundleDagBag","filename":"dagbag.py","lineno":460}
{"timestamp":"2026-10-01T11:01:26.389315Z","level":"warning","event":"The `airflow.operators.bash.BashOperator` attribute is deprecated. Please use `'airflow.providers.standard.operators.bash.BashOperator'`.","category":"UserWarning","filename":"/opt/airflow/dags/orchestrate.py","lineno":3,"logger":"py.warnings"}
{"timestamp":"2026-10-01T11:01:57.041337Z","level":"info","event":"Filling up the DagBag from /opt/airflow/dags/orchestrate.py","logger":"airflow.dag_processing.dagbag.BundleDagBag","filename":"dagbag.py","lineno":460}
{"timestamp":"2026-10-01T11:02:00.194849Z","level":"warning","event":"The `airflow.operators.bash.BashOperator` attribute is deprecated. Please use `'airflow.providers.standard.operators.bash.BashOperator'`.","category":"UserWarning","filename":"/opt/airflow/dags/orchestrate.py","lineno":3,"logger":"py.warnings"}
{"timestamp":"2026-10-01T11:02:30.784824Z","level":"info","event":"Filling up the DagBag from /opt/airflow/dags/orchestrate.py","logger":"airflow.dag_processing.dagbag.BundleDagBag","filename":"dagbag.py","lineno":460}
{"timestamp":"2026-10-01T11:02:33.431171Z","level":"warning","event":"The `airflow.operators.bash.BashOperator` attribute is deprecated. Please use `'airflow.providers.standard.operators.bash.BashOperator'`.","category":"UserWarning","filename":"/opt/airflow/dags/orchestrate.py","lineno":3,"logger":"py.warnings"}
{"timestamp":"2026-10-01T11:03:04.038056Z","level":"info","event":"Filling up the DagBag from /opt/airflow/dags/orchestrate.py","logger":"airflow.dag_processing.dagbag.BundleDagBag","filename":"dagbag.py","lineno":460}
{"timestamp":"2026-10-01T11:03:06.512325Z","level":"warning","event":"The `airflow.operators.bash.BashOperator` attribute is deprecated. Please use `'airflow.providers.standard.operators.bash.BashOperator'`.","category":"UserWarning","filename":"/opt/airflow/dags/orchestrate.py","lineno":3,"logger":"py.warnings"}
{"timestamp":"2026-10-01T11:03:37.120589Z","level":"info","event":"Filling up the DagBag from /opt/airflow/dags/orchestrate.py","logger":"airflow.dag_processing.dagbag.BundleDagBag","filename":"dagbag.py","lineno":460}
{"timestamp":"2026-10-01T11:03:39.856359Z","level":"warning","event":"The `airflow.operators.bash.BashOperator` attribute is deprecated. Please use `'airflow.providers.standard.operators.bash.BashOperator'`.","category":"UserWarning","filename":"/opt/airflow/dags/orchestrate.py","lineno":3,"logger":"py.warnings"}
{"timestamp":"2026-10-01T11:04:10.551682Z","level":"info","event":"Filling up the DagBag from /opt/airflow/dags/orchestrate.py","logger":"airflow.dag_processing.dagbag.BundleDagBag","filename":"dagbag.py","lineno":460}
{"timestamp":"2026-10-01T11:04:12.735955Z","level":"warning","event":"The `airflow.operators.bash.BashOperator` attribute is deprecated. Please use `'airflow.providers.standard.operators.bash.BashOperator'`.","category":"UserWarning","filename":"/opt/airflow/dags/orchestrate.py","lineno":3,"logger":"py.warnings"}
{"timestamp":"2026-10-01T11:04:43.256490Z","level":"info","event":"Filling up the DagBag from /opt/airflow/dags/orchestrate.py","logger":"airflow.dag_processing.dagbag.BundleDagBag","filename":"dagbag.py","lineno":460}
{"timestamp":"2026-10-01T11:04:45.741788Z","level":"warning","event":"The `airflow.operators.bash.BashOperator` attribute is deprecated. Please use `'airflow.providers.standard.operators.bash.BashOperator'`.","category":"UserWarning","filename":"/opt/airflow/dags/orchestrate.py","lineno":3,"logger":"py.warnings"}
{"timestamp":"2026-10-01T11:05:17.127676Z","level":"info","event":"Filling up the DagBag from /opt/airflow/dags/orchestrate.py","logger":"airflow.dag_processing.dagbag.BundleDagBag","filename":"dagbag.py","lineno":460}
{"timestamp":"2026-10-01T11:05:22.407900Z","level":"warning","event":"The `airflow.operators.bash.BashOperator` attribute is deprecated. Please use `'airflow.providers.standard.operators.bash.BashOperator'`.","category":"UserWarning","filename":"/opt/airflow/dags/orchestrate.py","lineno":3,"logger":"py.warnings"}
{"timestamp":"2026-10-01T11:05:53.200954Z","level":"info","event":"Filling up the DagBag from /opt/airflow/dags/orchestrate.py","logger":"airflow.dag_processing.dagbag.BundleDagBag","filename":"dagbag.py","lineno":460}
{"timestamp":"2026-10-01T11:05:56.651029Z","level":"warning","event":"The `airflow.operators.bash.BashOperator` attribute is deprecated. Please use `'airflow.providers.standard.operators.bash.BashOperator'`.","category":"UserWarning","filename":"/opt/airflow/dags/orchestrate.py","lineno":3,"logger":"py.warnings"}
{"timestamp":"2026-10-01T11:06:27.683083Z","level":"info","event":"Filling up the DagBag from /opt/airflow/dags/orchestrate.py","logger":"airflow.dag_processing.dagbag.BundleDagBag","filename":"dagbag.py","lineno":460}
{"timestamp":"2026-10-01T11:06:32.475488Z","level":"warning","event":"The `airflow.operators.bash.BashOperator` attribute is deprecated. Please use `'airflow.providers.standard.operators.bash.BashOperator'`.","category":"UserWarning","filename":"/opt/airflow/dags/orchestrate.py","lineno":3,"logger":"py.warnings"}
{"timestamp":"2026-10-01T11:07:03.245446Z","level":"info","event":"Filling up the DagBag from /opt/airflow/dags/orchestrate.py","logger":"airflow.dag_processing.dagbag.BundleDagBag","filename":"dagbag.py","lineno":460}
{"timestamp":"2026-10-01T11:07:06.638343Z","level":"warning","event":"The `airflow.operators.bash.BashOperator` attribute is deprecated. Please use `'airflow.providers.standard.operators.bash.BashOperator'`.","category":"UserWarning","filename":"/opt/airflow/dags/orchestrate.py","lineno":3,"logger":"py.warnings"}
{"timestamp":"2026-10-01T11:07:37.358518Z","level":"info","event":"Filling up the DagBag from /opt/airflow/dags/orchestrate.py","logger":"airflow.dag_processing.dagbag.BundleDagBag","filename":"dagbag.py","lineno":460}
{"timestamp":"2026-10-01T11:07:40.266326Z","level":"warning","event":"The `airflow.operators.bash.BashOperator` attribute is deprecated. Please use `'airflow.providers.standard.operators.bash.BashOperator'`.","category":"UserWarning","filename":"/opt/airflow/dags/orchestrate.py","lineno":3,"logger":"py.warnings"}
{"timestamp":"2026-10-01T11:08:12.275781Z","level":"info","event":"Filling up the DagBag from /opt/airflow/dags/orchestrate.py","logger":"airflow.dag_processing.dagbag.BundleDagBag","filename":"dagbag.py","lineno":460}
{"timestamp":"2026-10-01T11:08:35.584086Z","level":"warning","event":"The `airflow.operators.bash.BashOperator` attribute is deprecated. Please use `'airflow.providers.standard.operators.bash.BashOperator'`.","category":"UserWarning","filename":"/opt/airflow/dags/orchestrate.py","lineno":3,"logger":"py.warnings"}
{"timestamp":"2026-10-01T11:09:07.126293Z","level":"info","event":"Filling up the DagBag from /opt/airflow/dags/orchestrate.py","logger":"airflow.dag_processing.dagbag.BundleDagBag","filename":"dagbag.py","lineno":460}
{"timestamp":"2026-10-01T11:09:12.127323Z","level":"warning","event":"The `airflow.operators.bash.BashOperator` attribute is deprecated. Please use `'airflow.providers.standard.operators.bash.BashOperator'`.","category":"UserWarning","filename":"/opt/airflow/dags/orchestrate.py","lineno":3,"logger":"py.warnings"}
{"timestamp":"2026-10-01T11:09:43.072470Z","level":"info","event":"Filling up the DagBag from /opt/airflow/dags/orchestrate.py","logger":"airflow.dag_processing.dagbag.BundleDagBag","filename":"dagbag.py","lineno":460}
{"timestamp":"2026-10-01T11:45:44.138685Z","level":"warning","event":"The `airflow.operators.bash.BashOperator` attribute is deprecated. Please use `'airflow.providers.standard.operators.bash.BashOperator'`.","category":"UserWarning","filename":"/opt/airflow/dags/orchestrate.py","lineno":3,"logger":"py.warnings"}
{"timestamp":"2026-10-01T11:46:15.537957Z","level":"info","event":"Filling up the DagBag from /opt/airflow/dags/orchestrate.py","logger":"airflow.dag_processing.dagbag.BundleDagBag","filename":"dagbag.py","lineno":460}
{"timestamp":"2026-10-01T11:46:22.624740Z","level":"warning","event":"The `airflow.operators.bash.BashOperator` attribute is deprecated. Please use `'airflow.providers.standard.operators.bash.BashOperator'`.","category":"UserWarning","filename":"/opt/airflow/dags/orchestrate.py","lineno":3,"logger":"py.warnings"}
{"timestamp":"2026-10-01T11:46:53.322240Z","level":"info","event":"Filling up the DagBag from /opt/airflow/dags/orchestrate.py","logger":"airflow.dag_processing.dagbag.BundleDagBag","filename":"dagbag.py","lineno":460}
{"timestamp":"2026-10-01T11:46:55.306061Z","level":"warning","event":"The `airflow.operators.bash.BashOperator` attribute is deprecated. Please use `'airflow.providers.standard.operators.bash.BashOperator'`.","category":"UserWarning","filename":"/opt/airflow/dags/orchestrate.py","lineno":3,"logger":"py.warnings"}
{"timestamp":"2026-10-01T11:47:26.556556Z","level":"info","event":"Filling up the DagBag from /opt/airflow/dags/orchestrate.py","logger":"airflow.dag_processing.dagbag.BundleDagBag","filename":"dagbag.py","lineno":460}
{"timestamp":"2026-10-01T11:47:32.573690Z","level":"warning","event":"The `airflow.operators.bash.BashOperator` attribute is deprecated. Please use `'airflow.providers.standard.operators.bash.BashOperator'`.","category":"UserWarning","filename":"/opt/airflow/dags/orchestrate.py","lineno":3,"logger":"py.warnings"}
{"timestamp":"2026-10-01T11:48:03.441084Z","level":"info","event":"Filling up the DagBag from /opt/airflow/dags/orchestrate.py","logger":"airflow.dag_processing.dagbag.BundleDagBag","filename":"dagbag.py","lineno":460}
{"timestamp":"2026-10-01T11:48:08.976093Z","level":"warning","event":"The `airflow.operators.bash.BashOperator` attribute is deprecated. Please use `'airflow.providers.standard.operators.bash.BashOperator'`.","category":"UserWarning","filename":"/opt/airflow/dags/orchestrate.py","lineno":3,"logger":"py.warnings"}
{"timestamp":"2026-10-01T11:48:39.763276Z","level":"info","event":"Filling up the DagBag from /opt/airflow/dags/orchestrate.py","logger":"airflow.dag_processing.dagbag.BundleDagBag","filename":"dagbag.py","lineno":460}
{"timestamp":"2026-10-01T11:48:42.575333Z","level":"warning","event":"The `airflow.operators.bash.BashOperator` attribute is deprecated. Please use `'airflow.providers.standard.operators.bash.BashOperator'`.","category":"UserWarning","filename":"/opt/airflow/dags/orchestrate.py","lineno":3,"logger":"py.warnings"}
{"timestamp":"2026-10-01T11:49:13.176457Z","level":"info","event":"Filling up the DagBag from /opt/airflow/dags/orchestrate.py","logger":"airflow.dag_processing.dagbag.BundleDagBag","filename":"dagbag.py","lineno":460}
{"timestamp":"2026-10-01T11:49:16.105040Z","level":"warning","event":"The `airflow.operators.bash.BashOperator` attribute is deprecated. Please use `'airflow.providers.standard.operators.bash.BashOperator'`.","category":"UserWarning","filename":"/opt/airflow/dags/orchestrate.py","lineno":3,"logger":"py.warnings"}
{"timestamp":"2026-10-01T11:49:46.753029Z","level":"info","event":"Filling up the DagBag from /opt/airflow/dags/orchestrate.py","logger":"airflow.dag_processing.dagbag.BundleDagBag","filename":"dagbag.py","lineno":460}
{"timestamp":"2026-10-01T11:49:49.221012Z","level":"warning","event":"The `airflow.operators.bash.BashOperator` attribute is deprecated. Please use `'airflow.providers.standard.operators.bash.BashOperator'`.","category":"UserWarning","filename":"/opt/airflow/dags/orchestrate.py","lineno":3,"logger":"py.warnings"}
{"timestamp":"2026-10-01T11:50:19.737827Z","level":"info","event":"Filling up the DagBag from /opt/airflow/dags/orchestrate.py","logger":"airflow.dag_processing.dagbag.BundleDagBag","filename":"dagbag.py","lineno":460}
{"timestamp":"2026-10-01T11:50:21.652027Z","level":"warning","event":"The `airflow.operators.bash.BashOperator` attribute is deprecated. Please use `'airflow.providers.standard.operators.bash.BashOperator'`.","category":"UserWarning","filename":"/opt/airflow/dags/orchestrate.py","lineno":3,"logger":"py.warnings"}
{"timestamp":"2026-10-01T11:50:52.229982Z","level":"info","event":"Filling up the DagBag from /opt/airflow/dags/orchestrate.py","logger":"airflow.dag_processing.dagbag.BundleDagBag","filename":"dagbag.py","lineno":460}
{"timestamp":"2026-10-01T11:50:54.569592Z","level":"warning","event":"The `airflow.operators.bash.BashOperator` attribute is deprecated. Please use `'airflow.providers.standard.operators.bash.BashOperator'`.","category":"UserWarning","filename":"/opt/airflow/dags/orchestrate.py","lineno":3,"logger":"py.warnings"}
{"timestamp":"2026-10-01T11:51:25.069030Z","level":"info","event":"Filling up the DagBag from /opt/airflow/dags/orchestrate.py","logger":"airflow.dag_processing.dagbag.BundleDagBag","filename":"dagbag.py","lineno":460}
{"timestamp":"2026-10-01T11:51:27.100443Z","level":"warning","event":"The `airflow.operators.bash.BashOperator` attribute is deprecated. Please use `'airflow.providers.standard.operators.bash.BashOperator'`.","category":"UserWarning","filename":"/opt/airflow/dags/orchestrate.py","lineno":3,"logger":"py.warnings"}
{"timestamp":"2026-10-01T11:51:57.598697Z","level":"info","event":"Filling up the DagBag from /opt/airflow/dags/orchestrate.py","logger":"airflow.dag_processing.dagbag.BundleDagBag","filename":"dagbag.py","lineno":460}
{"timestamp":"2026-10-01T11:52:00.683795Z","level":"warning","event":"The `airflow.operators.bash.BashOperator` attribute is deprecated. Please use `'airflow.providers.standard.operators.bash.BashOperator'`.","category":"UserWarning","filename":"/opt/airflow/dags/orchestrate.py","lineno":3,"logger":"py.warnings"}
{"timestamp":"2026-10-01T11:52:31.197120Z","level":"info","event":"Filling up the DagBag from /opt/airflow/dags/orchestrate.py","logger":"airflow.dag_processing.dagbag.BundleDagBag","filename":"dagbag.py","lineno":460}
{"timestamp":"2026-10-01T11:52:33.533923Z","level":"warning","event":"The `airflow.operators.bash.BashOperator` attribute is deprecated. Please use `'airflow.providers.standard.operators.bash.BashOperator'`.","category":"UserWarning","filename":"/opt/airflow/dags/orchestrate.py","lineno":3,"logger":"py.warnings"}
{"timestamp":"2026-10-01T11:53:04.050334Z","level":"info","event":"Filling up the DagBag from /opt/airflow/dags/orchestrate.py","logger":"airflow.dag_processing.dagbag.BundleDagBag","filename":"dagbag.py","lineno":460}
{"timestamp":"2026-10-01T11:53:06.452073Z","level":"warning","event":"The `airflow.operators.bash.BashOperator` attribute is deprecated. Please use `'airflow.providers.standard.operators.bash.BashOperator'`.","category":"UserWarning","filename":"/opt/airflow/dags/orchestrate.py","lineno":3,"logger":"py.warnings"}
{"timestamp":"2026-10-01T11:53:36.992021Z","level":"info","event":"Filling up the DagBag from /opt/airflow/dags/orchestrate.py","logger":"airflow.dag_processing.dagbag.BundleDagBag","filename":"dagbag.py","lineno":460}
{"timestamp":"2026-10-01T11:53:39.431283Z","level":"warning","event":"The `airflow.operators.bash.BashOperator` attribute is deprecated. Please use `'airflow.providers.standard.operators.bash.BashOperator'`.","category":"UserWarning","filename":"/opt/airflow/dags/orchestrate.py","lineno":3,"logger":"py.warnings"}
{"timestamp":"2026-10-01T11:54:10.017877Z","level":"info","event":"Filling up the DagBag from /opt/airflow/dags/orchestrate.py","logger":"airflow.dag_processing.dagbag.BundleDagBag","filename":"dagbag.py","lineno":460}
{"timestamp":"2026-10-01T11:54:12.506933Z","level":"warning","event":"The `airflow.operators.bash.BashOperator` attribute is deprecated. Please use `'airflow.providers.standard.operators.bash.BashOperator'`.","category":"UserWarning","filename":"/opt/airflow/dags/orchestrate.py","lineno":3,"logger":"py.warnings"}
{"timestamp":"2026-10-01T11:54:43.078653Z","level":"info","event":"Filling up the DagBag from /opt/airflow/dags/orchestrate.py","logger":"airflow.dag_processing.dagbag.BundleDagBag","filename":"dagbag.py","lineno":460}
{"timestamp":"2026-10-01T11:54:45.720041Z","level":"warning","event":"The `airflow.operators.bash.BashOperator` attribute is deprecated. Please use `'airflow.providers.standard.operators.bash.BashOperator'`.","category":"UserWarning","filename":"/opt/airflow/dags/orchestrate.py","lineno":3,"logger":"py.warnings"}
{"timestamp":"2026-10-01T11:55:16.246784Z","level":"info","event":"Filling up the DagBag from /opt/airflow/dags/orchestrate.py","logger":"airflow.dag_processing.dagbag.BundleDagBag","filename":"dagbag.py","lineno":460}
{"timestamp":"2026-10-01T11:55:18.388335Z","level":"warning","event":"The `airflow.operators.bash.BashOperator` attribute is deprecated. Please use `'airflow.providers.standard.operators.bash.BashOperator'`.","category":"UserWarning","filename":"/opt/airflow/dags/orchestrate.py","lineno":3,"logger":"py.warnings"}
{"timestamp":"2026-10-01T11:55:48.960640Z","level":"info","event":"Filling up the DagBag from /opt/airflow/dags/orchestrate.py","logger":"airflow.dag_processing.dagbag.BundleDagBag","filename":"dagbag.py","lineno":460}
{"timestamp":"2026-10-01T11:55:51.700782Z","level":"warning","event":"The `airflow.operators.bash.BashOperator` attribute is deprecated. Please use `'airflow.providers.standard.operators.bash.BashOperator'`.","category":"UserWarning","filename":"/opt/airflow/dags/orchestrate.py","lineno":3,"logger":"py.warnings"}
{"timestamp":"2026-10-01T11:56:22.335526Z","level":"info","event":"Filling up the DagBag from /opt/airflow/dags/orchestrate.py","logger":"airflow.dag_processing.dagbag.BundleDagBag","filename":"dagbag.py","lineno":460}
{"timestamp":"2026-10-01T11:56:25.046065Z","level":"warning","event":"The `airflow.operators.bash.BashOperator` attribute is deprecated. Please use `'airflow.providers.standard.operators.bash.BashOperator'`.","category":"UserWarning","filename":"/opt/airflow/dags/orchestrate.py","lineno":3,"logger":"py.warnings"}
{"timestamp":"2026-10-01T11:56:55.604729Z","level":"info","event":"Filling up the DagBag from /opt/airflow/dags/orchestrate.py","logger":"airflow.dag_processing.dagbag.BundleDagBag","filename":"dagbag.py","lineno":460}
{"timestamp":"2026-10-01T11:56:57.689341Z","level":"warning","event":"The `airflow.operators.bash.BashOperator` attribute is deprecated. Please use `'airflow.providers.standard.operators.bash.BashOperator'`.","category":"UserWarning","filename":"/opt/airflow/dags/orchestrate.py","lineno":3,"logger":"py.warnings"}
{"timestamp":"2026-10-01T11:57:28.258733Z","level":"info","event":"Filling up the DagBag from /opt/airflow/dags/orchestrate.py","logger":"airflow.dag_processing.dagbag.BundleDagBag","filename":"dagbag.py","lineno":460}
{"timestamp":"2026-10-01T11:57:30.644898Z","level":"warning","event":"The `airflow.operators.bash.BashOperator` attribute is deprecated. Please use `'airflow.providers.standard.operators.bash.BashOperator'`.","category":"UserWarning","filename":"/opt/airflow/dags/orchestrate.py","lineno":3,"logger":"py.warnings"}
{"timestamp":"2026-10-01T11:58:01.231793Z","level":"info","event":"Filling up the DagBag from /opt/airflow/dags/orchestrate.py","logger":"airflow.dag_processing.dagbag.BundleDagBag","filename":"dagbag.py","lineno":460}
{"timestamp":"2026-10-01T11:58:03.845016Z","level":"warning","event":"The `airflow.operators.bash.BashOperator` attribute is deprecated. Please use `'airflow.providers.standard.operators.bash.BashOperator'`.","category":"UserWarning","filename":"/opt/airflow/dags/orchestrate.py","lineno":3,"logger":"py.warnings"}
{"timestamp":"2026-10-01T11:58:34.396546Z","level":"info","event":"Filling up the DagBag from /opt/airflow/dags/orchestrate.py","logger":"airflow.dag_processing.dagbag.BundleDagBag","filename":"dagbag.py","lineno":460}
{"timestamp":"2026-10-01T11:58:36.676226Z","level":"warning","event":"The `airflow.operators.bash.BashOperator` attribute is deprecated. Please use `'airflow.providers.standard.operators.bash.BashOperator'`.","category":"UserWarning","filename":"/opt/airflow/dags/orchestrate.py","lineno":3,"logger":"py.warnings"}
{"timestamp":"2026-10-01T11:59:07.238277Z","level":"info","event":"Filling up the DagBag from /opt/airflow/dags/orchestrate.py","logger":"airflow.dag_processing.dagbag.BundleDagBag","filename":"dagbag.py","lineno":460}
{"timestamp":"2026-10-01T11:59:09.501647Z","level":"warning","event":"The `airflow.operators.bash.BashOperator` attribute is deprecated. Please use `'airflow.providers.standard.operators.bash.BashOperator'`.","category":"UserWarning","filename":"/opt/airflow/dags/orchestrate.py","lineno":3,"logger":"py.warnings"}
{"timestamp":"2026-10-01T11:59:40.029566Z","level":"info","event":"Filling up the DagBag from /opt/airflow/dags/orchestrate.py","logger":"airflow.dag_processing.dagbag.BundleDagBag","filename":"dagbag.py","lineno":460}
{"timestamp":"2026-10-01T11:59:42.210236Z","level":"warning","event":"The `airflow.operators.bash.BashOperator` attribute is deprecated. Please use `'airflow.providers.standard.operators.bash.BashOperator'`.","category":"UserWarning","filename":"/opt/airflow/dags/orchestrate.py","lineno":3,"logger":"py.warnings"}
{"timestamp":"2026-10-01T12:00:12.801036Z","level":"info","event":"Filling up the DagBag from /opt/airflow/dags/orchestrate.py","logger":"airflow.dag_processing.dagbag.BundleDagBag","filename":"dagbag.py","lineno":460}
{"timestamp":"2026-10-01T12:00:16.968722Z","level":"warning","event":"The `airflow.operators.bash.BashOperator` attribute is deprecated. Please use `'airflow.providers.standard.operators.bash.BashOperator'`.","category":"UserWarning","filename":"/opt/airflow/dags/orchestrate.py","lineno":3,"logger":"py.warnings"}
{"timestamp":"2026-10-01T12:00:47.724814Z","level":"info","event":"Filling up the DagBag from /opt/airflow/dags/orchestrate.py","logger":"airflow.dag_processing.dagbag.BundleDagBag","filename":"dagbag.py","lineno":460}
{"timestamp":"2026-10-01T12:00:53.677618Z","level":"warning","event":"The `airflow.operators.bash.BashOperator` attribute is deprecated. Please use `'airflow.providers.standard.operators.bash.BashOperator'`.","category":"UserWarning","filename":"/opt/airflow/dags/orchestrate.py","lineno":3,"logger":"py.warnings"}
{"timestamp":"2026-10-01T12:01:24.235470Z","level":"info","event":"Filling up the DagBag from /opt/airflow/dags/orchestrate.py","logger":"airflow.dag_processing.dagbag.BundleDagBag","filename":"dagbag.py","lineno":460}
{"timestamp":"2026-10-01T12:01:28.604793Z","level":"warning","event":"The `airflow.operators.bash.BashOperator` attribute is deprecated. Please use `'airflow.providers.standard.operators.bash.BashOperator'`.","category":"UserWarning","filename":"/opt/airflow/dags/orchestrate.py","lineno":3,"logger":"py.warnings"}
{"timestamp":"2026-10-01T12:01:59.281182Z","level":"info","event":"Filling up the DagBag from /opt/airflow/dags/orchestrate.py","logger":"airflow.dag_processing.dagbag.BundleDagBag","filename":"dagbag.py","lineno":460}
{"timestamp":"2026-10-01T12:02:02.848465Z","level":"warning","event":"The `airflow.operators.bash.BashOperator` attribute is deprecated. Please use `'airflow.providers.standard.operators.bash.BashOperator'`.","category":"UserWarning","filename":"/opt/airflow/dags/orchestrate.py","lineno":3,"logger":"py.warnings"}
{"timestamp":"2026-10-01T12:02:33.475999Z","level":"info","event":"Filling up the DagBag from /opt/airflow/dags/orchestrate.py","logger":"airflow.dag_processing.dagbag.BundleDagBag","filename":"dagbag.py","lineno":460}
{"timestamp":"2026-10-01T12:02:36.505339Z","level":"warning","event":"The `airflow.operators.bash.BashOperator` attribute is deprecated. Please use `'airflow.providers.standard.operators.bash.BashOperator'`.","category":"UserWarning","filename":"/opt/airflow/dags/orchestrate.py","lineno":3,"logger":"py.warnings"}
{"timestamp":"2026-10-01T12:03:07.196977Z","level":"info","event":"Filling up the DagBag from /opt/airflow/dags/orchestrate.py","logger":"airflow.dag_processing.dagbag.BundleDagBag","filename":"dagbag.py","lineno":460}
{"timestamp":"2026-10-01T12:03:09.881965Z","level":"warning","event":"The `airflow.operators.bash.BashOperator` attribute is deprecated. Please use `'airflow.providers.standard.operators.bash.BashOperator'`.","category":"UserWarning","filename":"/opt/airflow/dags/orchestrate.py","lineno":3,"logger":"py.warnings"}
{"timestamp":"2026-10-01T12:03:40.482427Z","level":"info","event":"Filling up the DagBag from /opt/airflow/dags/orchestrate.py","logger":"airflow.dag_processing.dagbag.BundleDagBag","filename":"dagbag.py","lineno":460}
{"timestamp":"2026-10-01T12:03:43.377121Z","level":"warning","event":"The `airflow.operators.bash.BashOperator` attribute is deprecated. Please use `'airflow.providers.standard.operators.bash.BashOperator'`.","category":"UserWarning","filename":"/opt/airflow/dags/orchestrate.py","lineno":3,"logger":"py.warnings"}
{"timestamp":"2026-10-01T12:04:13.924170Z","level":"info","event":"Filling up the DagBag from /opt/airflow/dags/orchestrate.py","logger":"airflow.dag_processing.dagbag.BundleDagBag","filename":"dagbag.py","lineno":460}
{"timestamp":"2026-10-01T12:04:16.632215Z","level":"warning","event":"The `airflow.operators.bash.BashOperator` attribute is deprecated. Please use `'airflow.providers.standard.operators.bash.BashOperator'`.","category":"UserWarning","filename":"/opt/airflow/dags/orchestrate.py","lineno":3,"logger":"py.warnings"}
{"timestamp":"2026-10-01T12:04:47.214709Z","level":"info","event":"Filling up the DagBag from /opt/airflow/dags/orchestrate.py","logger":"airflow.dag_processing.dagbag.BundleDagBag","filename":"dagbag.py","lineno":460}
{"timestamp":"2026-10-01T12:04:49.471042Z","level":"warning","event":"The `airflow.operators.bash.BashOperator` attribute is deprecated. Please use `'airflow.providers.standard.operators.bash.BashOperator'`.","category":"UserWarning","filename":"/opt/airflow/dags/orchestrate.py","lineno":3,"logger":"py.warnings"}
{"timestamp":"2026-10-01T12:05:20.089408Z","level":"info","event":"Filling up the DagBag from /opt/airflow/dags/orchestrate.py","logger":"airflow.dag_processing.dagbag.BundleDagBag","filename":"dagbag.py","lineno":460}
{"timestamp":"2026-10-01T12:05:22.530577Z","level":"warning","event":"The `airflow.operators.bash.BashOperator` attribute is deprecated. Please use `'airflow.providers.standard.operators.bash.BashOperator'`.","category":"UserWarning","filename":"/opt/airflow/dags/orchestrate.py","lineno":3,"logger":"py.warnings"}
{"timestamp":"2026-10-01T12:05:53.089761Z","level":"info","event":"Filling up the DagBag from /opt/airflow/dags/orchestrate.py","logger":"airflow.dag_processing.dagbag.BundleDagBag","filename":"dagbag.py","lineno":460}
{"timestamp":"2026-10-01T12:05:55.554963Z","level":"warning","event":"The `airflow.operators.bash.BashOperator` attribute is deprecated. Please use `'airflow.providers.standard.operators.bash.BashOperator'`.","category":"UserWarning","filename":"/opt/airflow/dags/orchestrate.py","lineno":3,"logger":"py.warnings"}
{"timestamp":"2026-10-01T12:06:26.344429Z","level":"info","event":"Filling up the DagBag from /opt/airflow/dags/orchestrate.py","logger":"airflow.dag_processing.dagbag.BundleDagBag","filename":"dagbag.py","lineno":460}
{"timestamp":"2026-10-01T12:06:29.707392Z","level":"warning","event":"The `airflow.operators.bash.BashOperator` attribute is deprecated. Please use `'airflow.providers.standard.operators.bash.BashOperator'`.","category":"UserWarning","filename":"/opt/airflow/dags/orchestrate.py","lineno":3,"logger":"py.warnings"}
{"timestamp":"2026-10-01T12:07:00.402359Z","level":"info","event":"Filling up the DagBag from /opt/airflow/dags/orchestrate.py","logger":"airflow.dag_processing.dagbag.BundleDagBag","filename":"dagbag.py","lineno":460}
{"timestamp":"2026-10-01T12:07:04.048284Z","level":"warning","event":"The `airflow.operators.bash.BashOperator` attribute is deprecated. Please use `'airflow.providers.standard.operators.bash.BashOperator'`.","category":"UserWarning","filename":"/opt/airflow/dags/orchestrate.py","lineno":3,"logger":"py.warnings"}
{"timestamp":"2026-10-01T12:07:34.586030Z","level":"info","event":"Filling up the DagBag from /opt/airflow/dags/orchestrate.py","logger":"airflow.dag_processing.dagbag.BundleDagBag","filename":"dagbag.py","lineno":460}
{"timestamp":"2026-10-01T12:07:36.769681Z","level":"warning","event":"The `airflow.operators.bash.BashOperator` attribute is deprecated. Please use `'airflow.providers.standard.operators.bash.BashOperator'`.","category":"UserWarning","filename":"/opt/airflow/dags/orchestrate.py","lineno":3,"logger":"py.warnings"}
{"timestamp":"2026-10-01T12:08:07.326436Z","level":"info","event":"Filling up the DagBag from /opt/airflow/dags/orchestrate.py","logger":"airflow.dag_processing.dagbag.BundleDagBag","filename":"dagbag.py","lineno":460}
{"timestamp":"2026-10-01T12:08:09.818398Z","level":"warning","event":"The `airflow.operators.bash.BashOperator` attribute is deprecated. Please use `'airflow.providers.standard.operators.bash.BashOperator'`.","category":"UserWarning","filename":"/opt/airflow/dags/orchestrate.py","lineno":3,"logger":"py.warnings"}
{"timestamp":"2026-10-01T12:08:40.457449Z","level":"info","event":"Filling up the DagBag from /opt/airflow/dags/orchestrate.py","logger":"airflow.dag_processing.dagbag.BundleDagBag","filename":"dagbag.py","lineno":460}
{"timestamp":"2026-10-01T12:08:42.444310Z","level":"warning","event":"The `airflow.operators.bash.BashOperator` attribute is deprecated. Please use `'airflow.providers.standard.operators.bash.BashOperator'`.","category":"UserWarning","filename":"/opt/airflow/dags/orchestrate.py","lineno":3,"logger":"py.warnings"}
{"timestamp":"2026-10-01T12:09:12.975760Z","level":"info","event":"Filling up the DagBag from /opt/airflow/dags/orchestrate.py","logger":"airflow.dag_processing.dagbag.BundleDagBag","filename":"dagbag.py","lineno":460}
{"timestamp":"2026-10-01T12:09:14.969331Z","level":"warning","event":"The `airflow.operators.bash.BashOperator` attribute is deprecated. Please use `'airflow.providers.standard.operators.bash.BashOperator'`.","category":"UserWarning","filename":"/opt/airflow/dags/orchestrate.py","lineno":3,"logger":"py.warnings"}
{"timestamp":"2026-10-01T12:09:45.480222Z","level":"info","event":"Filling up the DagBag from /opt/airflow/dags/orchestrate.py","logger":"airflow.dag_processing.dagbag.BundleDagBag","filename":"dagbag.py","lineno":460}
{"timestamp":"2026-10-01T12:09:47.804954Z","level":"warning","event":"The `airflow.operators.bash.BashOperator` attribute is deprecated. Please use `'airflow.providers.standard.operators.bash.BashOperator'`.","category":"UserWarning","filename":"/opt/airflow/dags/orchestrate.py","lineno":3,"logger":"py.warnings"}
{"timestamp":"2026-10-01T12:10:18.300879Z","level":"info","event":"Filling up the DagBag from /opt/airflow/dags/orchestrate.py","logger":"airflow.dag_processing.dagbag.BundleDagBag","filename":"dagbag.py","lineno":460}
{"timestamp":"2026-10-01T12:10:20.677473Z","level":"warning","event":"The `airflow.operators.bash.BashOperator` attribute is deprecated. Please use `'airflow.providers.standard.operators.bash.BashOperator'`.","category":"UserWarning","filename":"/opt/airflow/dags/orchestrate.py","lineno":3,"logger":"py.warnings"}
{"timestamp":"2026-10-01T12:10:51.195271Z","level":"info","event":"Filling up the DagBag from /opt/airflow/dags/orchestrate.py","logger":"airflow.dag_processing.dagbag.BundleDagBag","filename":"dagbag.py","lineno":460}
{"timestamp":"2026-10-01T12:10:54.208023Z","level":"warning","event":"The `airflow.operators.bash.BashOperator` attribute is deprecated. Please use `'airflow.providers.standard.operators.bash.BashOperator'`.","category":"UserWarning","filename":"/opt/airflow/dags/orchestrate.py","lineno":3,"logger":"py.warnings"}
{"timestamp":"2026-10-01T12:11:24.733342Z","level":"info","event":"Filling up the DagBag from /opt/airflow/dags/orchestrate.py","logger":"airflow.dag_processing.dagbag.BundleDagBag","filename":"dagbag.py","lineno":460}
{"timestamp":"2026-10-01T12:11:27.025851Z","level":"warning","event":"The `airflow.operators.bash.BashOperator` attribute is deprecated. Please use `'airflow.providers.standard.operators.bash.BashOperator'`.","category":"UserWarning","filename":"/opt/airflow/dags/orchestrate.py","lineno":3,"logger":"py.warnings"}
{"timestamp":"2026-10-01T12:11:57.548450Z","level":"info","event":"Filling up the DagBag from /opt/airflow/dags/orchestrate.py","logger":"airflow.dag_processing.dagbag.BundleDagBag","filename":"dagbag.py","lineno":460}
{"timestamp":"2026-10-01T12:11:59.402888Z","level":"warning","event":"The `airflow.operators.bash.BashOperator` attribute is deprecated. Please use `'airflow.providers.standard.operators.bash.BashOperator'`.","category":"UserWarning","filename":"/opt/airflow/dags/orchestrate.py","lineno":3,"logger":"py.warnings"}
{"timestamp":"2026-10-01T12:12:29.925386Z","level":"info","event":"Filling up the DagBag from /opt/airflow/dags/orchestrate.py","logger":"airflow.dag_processing.dagbag.BundleDagBag","filename":"dagbag.py","lineno":460}
{"timestamp":"2026-10-01T12:12:32.182047Z","level":"warning","event":"The `airflow.operators.bash.BashOperator` attribute is deprecated. Please use `'airflow.providers.standard.operators.bash.BashOperator'`.","category":"UserWarning","filename":"/opt/airflow/dags/orchestrate.py","lineno":3,"logger":"py.warnings"}
{"timestamp":"2026-10-01T12:13:02.713874Z","level":"info","event":"Filling up the DagBag from /opt/airflow/dags/orchestrate.py","logger":"airflow.dag_processing.dagbag.BundleDagBag","filename":"dagbag.py","lineno":460}
{"timestamp":"2026-10-01T12:13:05.033638Z","level":"warning","event":"The `airflow.operators.bash.BashOperator` attribute is deprecated. Please use `'airflow.providers.standard.operators.bash.BashOperator'`.","category":"UserWarning","filename":"/opt/airflow/dags/orchestrate.py","lineno":3,"logger":"py.warnings"}
{"timestamp":"2026-10-01T12:13:35.835743Z","level":"info","event":"Filling up the DagBag from /opt/airflow/dags/orchestrate.py","logger":"airflow.dag_processing.dagbag.BundleDagBag","filename":"dagbag.py","lineno":460}
{"timestamp":"2026-10-01T12:13:41.680780Z","level":"warning","event":"The `airflow.operators.bash.BashOperator` attribute is deprecated. Please use `'airflow.providers.standard.operators.bash.BashOperator'`.","category":"UserWarning","filename":"/opt/airflow/dags/orchestrate.py","lineno":3,"logger":"py.warnings"}
{"timestamp":"2026-10-01T12:14:12.680435Z","level":"info","event":"Filling up the DagBag from /opt/airflow/dags/orchestrate.py","logger":"airflow.dag_processing.dagbag.BundleDagBag","filename":"dagbag.py","lineno":460}
{"timestamp":"2026-10-01T12:14:20.468313Z","level":"warning","event":"The `airflow.operators.bash.BashOperator` attribute is deprecated. Please use `'airflow.providers.standard.operators.bash.BashOperator'`.","category":"UserWarning","filename":"/opt/airflow/dags/orchestrate.py","lineno":3,"logger":"py.warnings"}
{"timestamp":"2026-10-01T12:14:51.263075Z","level":"info","event":"Filling up the DagBag from /opt/airflow/dags/orchestrate.py","logger":"airflow.dag_processing.dagbag.BundleDagBag","filename":"dagbag.py","lineno":460}
{"timestamp":"2026-10-01T12:14:53.885758Z","level":"warning","event":"The `airflow.operators.bash.BashOperator` attribute is deprecated. Please use `'airflow.providers.standard.operators.bash.BashOperator'`.","category":"UserWarning","filename":"/opt/airflow/dags/orchestrate.py","lineno":3,"logger":"py.warnings"}
{"timestamp":"2026-10-01T12:15:24.474517Z","level":"info","event":"Filling up the DagBag from /opt/airflow/dags/orchestrate.py","logger":"airflow.dag_processing.dagbag.BundleDagBag","filename":"dagbag.py","lineno":460}
{"timestamp":"2026-10-01T12:15:27.186924Z","level":"warning","event":"The `airflow.operators.bash.BashOperator` attribute is deprecated. Please use `'airflow.providers.standard.operators.bash.BashOperator'`.","category":"UserWarning","filename":"/opt/airflow/dags/orchestrate.py","lineno":3,"logger":"py.warnings"}
{"timestamp":"2026-10-01T12:15:57.840782Z","level":"info","event":"Filling up the DagBag from /opt/airflow/dags/orchestrate.py","logger":"airflow.dag_processing.dagbag.BundleDagBag","filename":"dagbag.py","lineno":460}
{"timestamp":"2026-10-01T12:15:59.888540Z","level":"warning","event":"The `airflow.operators.bash.BashOperator` attribute is deprecated. Please use `'airflow.providers.standard.operators.bash.BashOperator'`.","category":"UserWarning","filename":"/opt/airflow/dags/orchestrate.py","lineno":3,"logger":"py.warnings"}
{"timestamp":"2026-10-01T12:16:30.926622Z","level":"info","event":"Filling up the DagBag from /opt/airflow/dags/orchestrate.py","logger":"airflow.dag_processing.dagbag.BundleDagBag","filename":"dagbag.py","lineno":460}
{"timestamp":"2026-10-01T12:16:34.983099Z","level":"warning","event":"The `airflow.operators.bash.BashOperator` attribute is deprecated. Please use `'airflow.providers.standard.operators.bash.BashOperator'`.","category":"UserWarning","filename":"/opt/airflow/dags/orchestrate.py","lineno":3,"logger":"py.warnings"}
{"timestamp":"2026-10-01T12:17:05.915302Z","level":"info","event":"Filling up the DagBag from /opt/airflow/dags/orchestrate.py","logger":"airflow.dag_processing.dagbag.BundleDagBag","filename":"dagbag.py","lineno":460}
{"timestamp":"2026-10-01T12:17:10.508933Z","level":"warning","event":"The `airflow.operators.bash.BashOperator` attribute is deprecated. Please use `'airflow.providers.standard.operators.bash.BashOperator'`.","category":"UserWarning","filename":"/opt/airflow/dags/orchestrate.py","lineno":3,"logger":"py.warnings"}
{"timestamp":"2026-10-01T12:17:41.255427Z","level":"info","event":"Filling up the DagBag from /opt/airflow/dags/orchestrate.py","logger":"airflow.dag_processing.dagbag.BundleDagBag","filename":"dagbag.py","lineno":460}
{"timestamp":"2026-10-01T12:17:44.029473Z","level":"warning","event":"The `airflow.operators.bash.BashOperator` attribute is deprecated. Please use `'airflow.providers.standard.operators.bash.BashOperator'`.","category":"UserWarning","filename":"/opt/airflow/dags/orchestrate.py","lineno":3,"logger":"py.warnings"}
{"timestamp":"2026-10-01T12:18:14.701098Z","level":"info","event":"Filling up the DagBag from /opt/airflow/dags/orchestrate.py","logger":"airflow.dag_processing.dagbag.BundleDagBag","filename":"dagbag.py","lineno":460}
{"timestamp":"2026-10-01T12:18:17.341921Z","level":"warning","event":"The `airflow.operators.bash.BashOperator` attribute is deprecated. Please use `'airflow.providers.standard.operators.bash.BashOperator'`.","category":"UserWarning","filename":"/opt/airflow/dags/orchestrate.py","lineno":3,"logger":"py.warnings"}
{"timestamp":"2026-10-01T12:18:48.343751Z","level":"info","event":"Filling up the DagBag from /opt/airflow/dags/orchestrate.py","logger":"airflow.dag_processing.dagbag.BundleDagBag","filename":"dagbag.py","lineno":460}
{"timestamp":"2026-10-01T12:18:50.983342Z","level":"warning","event":"The `airflow.operators.bash.BashOperator` attribute is deprecated. Please use `'airflow.providers.standard.operators.bash.BashOperator'`.","category":"UserWarning","filename":"/opt/airflow/dags/orchestrate.py","lineno":3,"logger":"py.warnings"}
{"timestamp":"2026-10-01T12:19:21.923422Z","level":"info","event":"Filling up the DagBag from /opt/airflow/dags/orchestrate.py","logger":"airflow.dag_processing.dagbag.BundleDagBag","filename":"dagbag.py","lineno":460}
{"timestamp":"2026-10-01T12:19:25.176157Z","level":"warning","event":"The `airflow.operators.bash.BashOperator` attribute is deprecated. Please use `'airflow.providers.standard.operators.bash.BashOperator'`.","category":"UserWarning","filename":"/opt/airflow/dags/orchestrate.py","lineno":3,"logger":"py.warnings"}
{"timestamp":"2026-10-01T12:19:55.780971Z","level":"info","event":"Filling up the DagBag from /opt/airflow/dags/orchestrate.py","logger":"airflow.dag_processing.dagbag.BundleDagBag","filename":"dagbag.py","lineno":460}
{"timestamp":"2026-10-01T12:19:58.640853Z","level":"warning","event":"The `airflow.operators.bash.BashOperator` attribute is deprecated. Please use `'airflow.providers.standard.operators.bash.BashOperator'`.","category":"UserWarning","filename":"/opt/airflow/dags/orchestrate.py","lineno":3,"logger":"py.warnings"}
{"timestamp":"2026-10-01T12:20:29.382547Z","level":"info","event":"Filling up the DagBag from /opt/airflow/dags/orchestrate.py","logger":"airflow.dag_processing.dagbag.BundleDagBag","filename":"dagbag.py","lineno":460}
{"timestamp":"2026-10-01T12:20:31.912546Z","level":"warning","event":"The `airflow.operators.bash.BashOperator` attribute is deprecated. Please use `'airflow.providers.standard.operators.bash.BashOperator'`.","category":"UserWarning","filename":"/opt/airflow/dags/orchestrate.py","lineno":3,"logger":"py.warnings"}
{"timestamp":"2026-10-01T12:21:02.102840Z","level":"info","event":"Filling up the DagBag from /opt/airflow/dags/orchestrate.py","logger":"airflow.dag_processing.dagbag.BundleDagBag","filename":"dagbag.py","lineno":460}
{"timestamp":"2026-10-01T12:21:04.525409Z","level":"warning","event":"The `airflow.operators.bash.BashOperator` attribute is deprecated. Please use `'airflow.providers.standard.operators.bash.BashOperator'`.","category":"UserWarning","filename":"/opt/airflow/dags/orchestrate.py","lineno":3,"logger":"py.warnings"}
{"timestamp":"2026-10-01T12:21:35.260107Z","level":"info","event":"Filling up the DagBag from /opt/airflow/dags/orchestrate.py","logger":"airflow.dag_processing.dagbag.BundleDagBag","filename":"dagbag.py","lineno":460}
{"timestamp":"2026-10-01T12:21:37.870652Z","level":"warning","event":"The `airflow.operators.bash.BashOperator` attribute is deprecated. Please use `'airflow.providers.standard.operators.bash.BashOperator'`.","category":"UserWarning","filename":"/opt/airflow/dags/orchestrate.py","lineno":3,"logger":"py.warnings"}
{"timestamp":"2026-10-01T12:22:08.489889Z","level":"info","event":"Filling up the DagBag from /opt/airflow/dags/orchestrate.py","logger":"airflow.dag_processing.dagbag.BundleDagBag","filename":"dagbag.py","lineno":460}
{"timestamp":"2026-10-01T12:22:11.440962Z","level":"warning","event":"The `airflow.operators.bash.BashOperator` attribute is deprecated. Please use `'airflow.providers.standard.operators.bash.BashOperator'`.","category":"UserWarning","filename":"/opt/airflow/dags/orchestrate.py","lineno":3,"logger":"py.warnings"}
{"timestamp":"2026-10-01T12:32:59.092217Z","level":"info","event":"Filling up the DagBag from /opt/airflow/dags/orchestrate.py","logger":"airflow.dag_processing.dagbag.BundleDagBag","filename":"dagbag.py","lineno":460}
{"timestamp":"2026-10-01T12:33:04.975245Z","level":"warning","event":"The `airflow.operators.bash.BashOperator` attribute is deprecated. Please use `'airflow.providers.standard.operators.bash.BashOperator'`.","category":"UserWarning","filename":"/opt/airflow/dags/orchestrate.py","lineno":3,"logger":"py.warnings"}
{"timestamp":"2026-10-01T12:33:35.703583Z","level":"info","event":"Filling up the DagBag from /opt/airflow/dags/orchestrate.py","logger":"airflow.dag_processing.dagbag.BundleDagBag","filename":"dagbag.py","lineno":460}
{"timestamp":"2026-10-01T12:33:40.590311Z","level":"warning","event":"The `airflow.operators.bash.BashOperator` attribute is deprecated. Please use `'airflow.providers.standard.operators.bash.BashOperator'`.","category":"UserWarning","filename":"/opt/airflow/dags/orchestrate.py","lineno":3,"logger":"py.warnings"}
{"timestamp":"2026-10-01T12:34:11.171423Z","level":"info","event":"Filling up the DagBag from /opt/airflow/dags/orchestrate.py","logger":"airflow.dag_processing.dagbag.BundleDagBag","filename":"dagbag.py","lineno":460}
{"timestamp":"2026-10-01T12:34:13.751058Z","level":"warning","event":"The `airflow.operators.bash.BashOperator` attribute is deprecated. Please use `'airflow.providers.standard.operators.bash.BashOperator'`.","category":"UserWarning","filename":"/opt/airflow/dags/orchestrate.py","lineno":3,"logger":"py.warnings"}
{"timestamp":"2026-10-01T12:34:44.280230Z","level":"info","event":"Filling up the DagBag from /opt/airflow/dags/orchestrate.py","logger":"airflow.dag_processing.dagbag.BundleDagBag","filename":"dagbag.py","lineno":460}
{"timestamp":"2026-10-01T12:34:46.797303Z","level":"warning","event":"The `airflow.operators.bash.BashOperator` attribute is deprecated. Please use `'airflow.providers.standard.operators.bash.BashOperator'`.","category":"UserWarning","filename":"/opt/airflow/dags/orchestrate.py","lineno":3,"logger":"py.warnings"}
{"timestamp":"2026-10-01T12:35:17.370191Z","level":"info","event":"Filling up the DagBag from /opt/airflow/dags/orchestrate.py","logger":"airflow.dag_processing.dagbag.BundleDagBag","filename":"dagbag.py","lineno":460}
{"timestamp":"2026-10-01T12:35:19.592398Z","level":"warning","event":"The `airflow.operators.bash.BashOperator` attribute is deprecated. Please use `'airflow.providers.standard.operators.bash.BashOperator'`.","category":"UserWarning","filename":"/opt/airflow/dags/orchestrate.py","lineno":3,"logger":"py.warnings"}
{"timestamp":"2026-10-01T12:35:50.128998Z","level":"info","event":"Filling up the DagBag from /opt/airflow/dags/orchestrate.py","logger":"airflow.dag_processing.dagbag.BundleDagBag","filename":"dagbag.py","lineno":460}
{"timestamp":"2026-10-01T12:35:52.519479Z","level":"warning","event":"The `airflow.operators.bash.BashOperator` attribute is deprecated. Please use `'airflow.providers.standard.operators.bash.BashOperator'`.","category":"UserWarning","filename":"/opt/airflow/dags/orchestrate.py","lineno":3,"logger":"py.warnings"}
{"timestamp":"2026-10-01T12:36:23.104073Z","level":"info","event":"Filling up the DagBag from /opt/airflow/dags/orchestrate.py","logger":"airflow.dag_processing.dagbag.BundleDagBag","filename":"dagbag.py","lineno":460}
{"timestamp":"2026-10-01T12:36:25.577240Z","level":"warning","event":"The `airflow.operators.bash.BashOperator` attribute is deprecated. Please use `'airflow.providers.standard.operators.bash.BashOperator'`.","category":"UserWarning","filename":"/opt/airflow/dags/orchestrate.py","lineno":3,"logger":"py.warnings"}
{"timestamp":"2026-10-01T12:36:56.115476Z","level":"info","event":"Filling up the DagBag from /opt/airflow/dags/orchestrate.py","logger":"airflow.dag_processing.dagbag.BundleDagBag","filename":"dagbag.py","lineno":460}
{"timestamp":"2026-10-01T12:36:58.468070Z","level":"warning","event":"The `airflow.operators.bash.BashOperator` attribute is deprecated. Please use `'airflow.providers.standard.operators.bash.BashOperator'`.","category":"UserWarning","filename":"/opt/airflow/dags/orchestrate.py","lineno":3,"logger":"py.warnings"}
{"timestamp":"2026-10-01T12:37:28.980716Z","level":"info","event":"Filling up the DagBag from /opt/airflow/dags/orchestrate.py","logger":"airflow.dag_processing.dagbag.BundleDagBag","filename":"dagbag.py","lineno":460}
{"timestamp":"2026-10-01T12:37:31.453793Z","level":"warning","event":"The `airflow.operators.bash.BashOperator` attribute is deprecated. Please use `'airflow.providers.standard.operators.bash.BashOperator'`.","category":"UserWarning","filename":"/opt/airflow/dags/orchestrate.py","lineno":3,"logger":"py.warnings"}
{"timestamp":"2026-10-01T12:38:01.987958Z","level":"info","event":"Filling up the DagBag from /opt/airflow/dags/orchestrate.py","logger":"airflow.dag_processing.dagbag.BundleDagBag","filename":"dagbag.py","lineno":460}
{"timestamp":"2026-10-01T12:38:04.219500Z","level":"warning","event":"The `airflow.operators.bash.BashOperator` attribute is deprecated. Please use `'airflow.providers.standard.operators.bash.BashOperator'`.","category":"UserWarning","filename":"/opt/airflow/dags/orchestrate.py","lineno":3,"logger":"py.warnings"}
{"timestamp":"2026-10-01T12:38:34.725154Z","level":"info","event":"Filling up the DagBag from /opt/airflow/dags/orchestrate.py","logger":"airflow.dag_processing.dagbag.BundleDagBag","filename":"dagbag.py","lineno":460}
{"timestamp":"2026-10-01T12:38:37.163512Z","level":"warning","event":"The `airflow.operators.bash.BashOperator` attribute is deprecated. Please use `'airflow.providers.standard.operators.bash.BashOperator'`.","category":"UserWarning","filename":"/opt/airflow/dags/orchestrate.py","lineno":3,"logger":"py.warnings"}
{"timestamp":"2026-10-01T12:39:07.651642Z","level":"info","event":"Filling up the DagBag from /opt/airflow/dags/orchestrate.py","logger":"airflow.dag_processing.dagbag.BundleDagBag","filename":"dagbag.py","lineno":460}
{"timestamp":"2026-10-01T12:39:10.959528Z","level":"warning","event":"The `airflow.operators.bash.BashOperator` attribute is deprecated. Please use `'airflow.providers.standard.operators.bash.BashOperator'`.","category":"UserWarning","filename":"/opt/airflow/dags/orchestrate.py","lineno":3,"logger":"py.warnings"}
{"timestamp":"2026-10-01T12:39:41.853503Z","level":"info","event":"Filling up the DagBag from /opt/airflow/dags/orchestrate.py","logger":"airflow.dag_processing.dagbag.BundleDagBag","filename":"dagbag.py","lineno":460}
{"timestamp":"2026-10-01T12:39:45.865638Z","level":"warning","event":"The `airflow.operators.bash.BashOperator` attribute is deprecated. Please use `'airflow.providers.standard.operators.bash.BashOperator'`.","category":"UserWarning","filename":"/opt/airflow/dags/orchestrate.py","lineno":3,"logger":"py.warnings"}
{"timestamp":"2026-10-01T12:52:59.580916Z","level":"info","event":"Filling up the DagBag from /opt/airflow/dags/orchestrate.py","logger":"airflow.dag_processing.dagbag.BundleDagBag","filename":"dagbag.py","lineno":460}
{"timestamp":"2026-10-01T12:53:04.564678Z","level":"warning","event":"The `airflow.operators.bash.BashOperator` attribute is deprecated. Please use `'airflow.providers.standard.operators.bash.BashOperator'`.","category":"UserWarning","filename":"/opt/airflow/dags/orchestrate.py","lineno":3,"logger":"py.warnings"}
{"timestamp":"2026-10-01T12:53:35.551160Z","level":"info","event":"Filling up the DagBag from /opt/airflow/dags/orchestrate.py","logger":"airflow.dag_processing.dagbag.BundleDagBag","filename":"dagbag.py","lineno":460}
{"timestamp":"2026-10-01T12:53:38.007430Z","level":"warning","event":"The `airflow.operators.bash.BashOperator` attribute is deprecated. Please use `'airflow.providers.standard.operators.bash.BashOperator'`.","category":"UserWarning","filename":"/opt/airflow/dags/orchestrate.py","lineno":3,"logger":"py.warnings"}
{"timestamp":"2026-10-01T12:54:08.549391Z","level":"info","event":"Filling up the DagBag from /opt/airflow/dags/orchestrate.py","logger":"airflow.dag_processing.dagbag.BundleDagBag","filename":"dagbag.py","lineno":460}
{"timestamp":"2026-10-01T12:54:10.969335Z","level":"warning","event":"The `airflow.operators.bash.BashOperator` attribute is deprecated. Please use `'airflow.providers.standard.operators.bash.BashOperator'`.","category":"UserWarning","filename":"/opt/airflow/dags/orchestrate.py","lineno":3,"logger":"py.warnings"}
{"timestamp":"2026-10-01T12:54:41.418040Z","level":"info","event":"Filling up the DagBag from /opt/airflow/dags/orchestrate.py","logger":"airflow.dag_processing.dagbag.BundleDagBag","filename":"dagbag.py","lineno":460}
{"timestamp":"2026-10-01T12:54:43.609083Z","level":"warning","event":"The `airflow.operators.bash.BashOperator` attribute is deprecated. Please use `'airflow.providers.standard.operators.bash.BashOperator'`.","category":"UserWarning","filename":"/opt/airflow/dags/orchestrate.py","lineno":3,"logger":"py.warnings"}
{"timestamp":"2026-10-01T12:55:14.279903Z","level":"info","event":"Filling up the DagBag from /opt/airflow/dags/orchestrate.py","logger":"airflow.dag_processing.dagbag.BundleDagBag","filename":"dagbag.py","lineno":460}
{"timestamp":"2026-10-01T12:55:17.302881Z","level":"warning","event":"The `airflow.operators.bash.BashOperator` attribute is deprecated. Please use `'airflow.providers.standard.operators.bash.BashOperator'`.","category":"UserWarning","filename":"/opt/airflow/dags/orchestrate.py","lineno":3,"logger":"py.warnings"}
{"timestamp":"2026-10-01T12:55:48.511476Z","level":"info","event":"Filling up the DagBag from /opt/airflow/dags/orchestrate.py","logger":"airflow.dag_processing.dagbag.BundleDagBag","filename":"dagbag.py","lineno":460}
{"timestamp":"2026-10-01T12:55:53.145908Z","level":"warning","event":"The `airflow.operators.bash.BashOperator` attribute is deprecated. Please use `'airflow.providers.standard.operators.bash.BashOperator'`.","category":"UserWarning","filename":"/opt/airflow/dags/orchestrate.py","lineno":3,"logger":"py.warnings"}
{"timestamp":"2026-10-01T12:56:23.768867Z","level":"info","event":"Filling up the DagBag from /opt/airflow/dags/orchestrate.py","logger":"airflow.dag_processing.dagbag.BundleDagBag","filename":"dagbag.py","lineno":460}
{"timestamp":"2026-10-01T12:56:26.889715Z","level":"warning","event":"The `airflow.operators.bash.BashOperator` attribute is deprecated. Please use `'airflow.providers.standard.operators.bash.BashOperator'`.","category":"UserWarning","filename":"/opt/airflow/dags/orchestrate.py","lineno":3,"logger":"py.warnings"}
{"timestamp":"2026-10-01T12:56:58.840994Z","level":"info","event":"Filling up the DagBag from /opt/airflow/dags/orchestrate.py","logger":"airflow.dag_processing.dagbag.BundleDagBag","filename":"dagbag.py","lineno":460}
{"timestamp":"2026-10-01T12:57:02.983861Z","level":"warning","event":"The `airflow.operators.bash.BashOperator` attribute is deprecated. Please use `'airflow.providers.standard.operators.bash.BashOperator'`.","category":"UserWarning","filename":"/opt/airflow/dags/orchestrate.py","lineno":3,"logger":"py.warnings"}
{"timestamp":"2026-10-01T12:57:33.763957Z","level":"info","event":"Filling up the DagBag from /opt/airflow/dags/orchestrate.py","logger":"airflow.dag_processing.dagbag.BundleDagBag","filename":"dagbag.py","lineno":460}
{"timestamp":"2026-10-01T12:57:36.340196Z","level":"warning","event":"The `airflow.operators.bash.BashOperator` attribute is deprecated. Please use `'airflow.providers.standard.operators.bash.BashOperator'`.","category":"UserWarning","filename":"/opt/airflow/dags/orchestrate.py","lineno":3,"logger":"py.warnings"}
{"timestamp":"2026-10-01T12:58:06.897623Z","level":"info","event":"Filling up the DagBag from /opt/airflow/dags/orchestrate.py","logger":"airflow.dag_processing.dagbag.BundleDagBag","filename":"dagbag.py","lineno":460}
{"timestamp":"2026-10-01T12:58:09.376474Z","level":"warning","event":"The `airflow.operators.bash.BashOperator` attribute is deprecated. Please use `'airflow.providers.standard.operators.bash.BashOperator'`.","category":"UserWarning","filename":"/opt/airflow/dags/orchestrate.py","lineno":3,"logger":"py.warnings"}
{"timestamp":"2026-10-01T12:58:39.923513Z","level":"info","event":"Filling up the DagBag from /opt/airflow/dags/orchestrate.py","logger":"airflow.dag_processing.dagbag.BundleDagBag","filename":"dagbag.py","lineno":460}
{"timestamp":"2026-10-01T12:58:42.790744Z","level":"warning","event":"The `airflow.operators.bash.BashOperator` attribute is deprecated. Please use `'airflow.providers.standard.operators.bash.BashOperator'`.","category":"UserWarning","filename":"/opt/airflow/dags/orchestrate.py","lineno":3,"logger":"py.warnings"}
{"timestamp":"2026-10-01T12:59:13.374845Z","level":"info","event":"Filling up the DagBag from /opt/airflow/dags/orchestrate.py","logger":"airflow.dag_processing.dagbag.BundleDagBag","filename":"dagbag.py","lineno":460}
{"timestamp":"2026-10-01T12:59:16.110367Z","level":"warning","event":"The `airflow.operators.bash.BashOperator` attribute is deprecated. Please use `'airflow.providers.standard.operators.bash.BashOperator'`.","category":"UserWarning","filename":"/opt/airflow/dags/orchestrate.py","lineno":3,"logger":"py.warnings"}
{"timestamp":"2026-10-01T12:59:46.742293Z","level":"info","event":"Filling up the DagBag from /opt/airflow/dags/orchestrate.py","logger":"airflow.dag_processing.dagbag.BundleDagBag","filename":"dagbag.py","lineno":460}
{"timestamp":"2026-10-01T12:59:49.437551Z","level":"warning","event":"The `airflow.operators.bash.BashOperator` attribute is deprecated. Please use `'airflow.providers.standard.operators.bash.BashOperator'`.","category":"UserWarning","filename":"/opt/airflow/dags/orchestrate.py","lineno":3,"logger":"py.warnings"}
{"timestamp":"2026-10-01T13:00:20.032605Z","level":"info","event":"Filling up the DagBag from /opt/airflow/dags/orchestrate.py","logger":"airflow.dag_processing.dagbag.BundleDagBag","filename":"dagbag.py","lineno":460}
{"timestamp":"2026-10-01T13:00:22.591361Z","level":"warning","event":"The `airflow.operators.bash.BashOperator` attribute is deprecated. Please use `'airflow.providers.standard.operators.bash.BashOperator'`.","category":"UserWarning","filename":"/opt/airflow/dags/orchestrate.py","lineno":3,"logger":"py.warnings"}
{"timestamp":"2026-10-01T13:00:55.084894Z","level":"info","event":"Filling up the DagBag from /opt/airflow/dags/orchestrate.py","logger":"airflow.dag_processing.dagbag.BundleDagBag","filename":"dagbag.py","lineno":460}
{"timestamp":"2026-10-01T13:01:04.448208Z","level":"warning","event":"The `airflow.operators.bash.BashOperator` attribute is deprecated. Please use `'airflow.providers.standard.operators.bash.BashOperator'`.","category":"UserWarning","filename":"/opt/airflow/dags/orchestrate.py","lineno":3,"logger":"py.warnings"}
{"timestamp":"2026-10-01T13:01:35.802030Z","level":"info","event":"Filling up the DagBag from /opt/airflow/dags/orchestrate.py","logger":"airflow.dag_processing.dagbag.BundleDagBag","filename":"dagbag.py","lineno":460}
{"timestamp":"2026-10-01T13:01:44.447708Z","level":"warning","event":"The `airflow.operators.bash.BashOperator` attribute is deprecated. Please use `'airflow.providers.standard.operators.bash.BashOperator'`.","category":"UserWarning","filename":"/opt/airflow/dags/orchestrate.py","lineno":3,"logger":"py.warnings"}
{"timestamp":"2026-10-01T13:02:15.550553Z","level":"info","event":"Filling up the DagBag from /opt/airflow/dags/orchestrate.py","logger":"airflow.dag_processing.dagbag.BundleDagBag","filename":"dagbag.py","lineno":460}
{"timestamp":"2026-10-01T13:02:20.198691Z","level":"warning","event":"The `airflow.operators.bash.BashOperator` attribute is deprecated. Please use `'airflow.providers.standard.operators.bash.BashOperator'`.","category":"UserWarning","filename":"/opt/airflow/dags/orchestrate.py","lineno":3,"logger":"py.warnings"}
{"timestamp":"2026-10-01T13:02:50.974721Z","level":"info","event":"Filling up the DagBag from /opt/airflow/dags/orchestrate.py","logger":"airflow.dag_processing.dagbag.BundleDagBag","filename":"dagbag.py","lineno":460}
{"timestamp":"2026-10-01T13:02:54.491647Z","level":"warning","event":"The `airflow.operators.bash.BashOperator` attribute is deprecated. Please use `'airflow.providers.standard.operators.bash.BashOperator'`.","category":"UserWarning","filename":"/opt/airflow/dags/orchestrate.py","lineno":3,"logger":"py.warnings"}
{"timestamp":"2026-10-01T13:03:25.212691Z","level":"info","event":"Filling up the DagBag from /opt/airflow/dags/orchestrate.py","logger":"airflow.dag_processing.dagbag.BundleDagBag","filename":"dagbag.py","lineno":460}
{"timestamp":"2026-10-01T13:03:28.694814Z","level":"warning","event":"The `airflow.operators.bash.BashOperator` attribute is deprecated. Please use `'airflow.providers.standard.operators.bash.BashOperator'`.","category":"UserWarning","filename":"/opt/airflow/dags/orchestrate.py","lineno":3,"logger":"py.warnings"}
{"timestamp":"2026-10-01T13:03:59.404160Z","level":"info","event":"Filling up the DagBag from /opt/airflow/dags/orchestrate.py","logger":"airflow.dag_processing.dagbag.BundleDagBag","filename":"dagbag.py","lineno":460}
{"timestamp":"2026-10-01T13:04:02.886077Z","level":"warning","event":"The `airflow.operators.bash.BashOperator` attribute is deprecated. Please use `'airflow.providers.standard.operators.bash.BashOperator'`.","category":"UserWarning","filename":"/opt/airflow/dags/orchestrate.py","lineno":3,"logger":"py.warnings"}
{"timestamp":"2026-10-01T13:04:33.681058Z","level":"info","event":"Filling up the DagBag from /opt/airflow/dags/orchestrate.py","logger":"airflow.dag_processing.dagbag.BundleDagBag","filename":"dagbag.py","lineno":460}
{"timestamp":"2026-10-01T13:04:37.001598Z","level":"warning","event":"The `airflow.operators.bash.BashOperator` attribute is deprecated. Please use `'airflow.providers.standard.operators.bash.BashOperator'`.","category":"UserWarning","filename":"/opt/airflow/dags/orchestrate.py","lineno":3,"logger":"py.warnings"}
{"timestamp":"2026-10-01T13:05:07.675089Z","level":"info","event":"Filling up the DagBag from /opt/airflow/dags/orchestrate.py","logger":"airflow.dag_processing.dagbag.BundleDagBag","filename":"dagbag.py","lineno":460}
{"timestamp":"2026-10-01T13:05:11.303920Z","level":"warning","event":"The `airflow.operators.bash.BashOperator` attribute is deprecated. Please use `'airflow.providers.standard.operators.bash.BashOperator'`.","category":"UserWarning","filename":"/opt/airflow/dags/orchestrate.py","lineno":3,"logger":"py.warnings"}
{"timestamp":"2026-10-01T13:05:42.560590Z","level":"info","event":"Filling up the DagBag from /opt/airflow/dags/orchestrate.py","logger":"airflow.dag_processing.dagbag.BundleDagBag","filename":"dagbag.py","lineno":460}
{"timestamp":"2026-10-01T13:05:48.926307Z","level":"warning","event":"The `airflow.operators.bash.BashOperator` attribute is deprecated. Please use `'airflow.providers.standard.operators.bash.BashOperator'`.","category":"UserWarning","filename":"/opt/airflow/dags/orchestrate.py","lineno":3,"logger":"py.warnings"}
{"timestamp":"2026-10-01T13:06:19.967942Z","level":"info","event":"Filling up the DagBag from /opt/airflow/dags/orchestrate.py","logger":"airflow.dag_processing.dagbag.BundleDagBag","filename":"dagbag.py","lineno":460}
{"timestamp":"2026-10-01T13:06:24.313306Z","level":"warning","event":"The `airflow.operators.bash.BashOperator` attribute is deprecated. Please use `'airflow.providers.standard.operators.bash.BashOperator'`.","category":"UserWarning","filename":"/opt/airflow/dags/orchestrate.py","lineno":3,"logger":"py.warnings"}
{"timestamp":"2026-10-01T13:06:55.090561Z","level":"info","event":"Filling up the DagBag from /opt/airflow/dags/orchestrate.py","logger":"airflow.dag_processing.dagbag.BundleDagBag","filename":"dagbag.py","lineno":460}
{"timestamp":"2026-10-01T13:06:59.615675Z","level":"warning","event":"The `airflow.operators.bash.BashOperator` attribute is deprecated. Please use `'airflow.providers.standard.operators.bash.BashOperator'`.","category":"UserWarning","filename":"/opt/airflow/dags/orchestrate.py","lineno":3,"logger":"py.warnings"}
{"timestamp":"2026-10-01T13:07:30.860567Z","level":"info","event":"Filling up the DagBag from /opt/airflow/dags/orchestrate.py","logger":"airflow.dag_processing.dagbag.BundleDagBag","filename":"dagbag.py","lineno":460}
{"timestamp":"2026-10-01T13:07:34.946385Z","level":"warning","event":"The `airflow.operators.bash.BashOperator` attribute is deprecated. Please use `'airflow.providers.standard.operators.bash.BashOperator'`.","category":"UserWarning","filename":"/opt/airflow/dags/orchestrate.py","lineno":3,"logger":"py.warnings"}
{"timestamp":"2026-10-01T13:08:05.658077Z","level":"info","event":"Filling up the DagBag from /opt/airflow/dags/orchestrate.py","logger":"airflow.dag_processing.dagbag.BundleDagBag","filename":"dagbag.py","lineno":460}
{"timestamp":"2026-10-01T13:08:08.767786Z","level":"warning","event":"The `airflow.operators.bash.BashOperator` attribute is deprecated. Please use `'airflow.providers.standard.operators.bash.BashOperator'`.","category":"UserWarning","filename":"/opt/airflow/dags/orchestrate.py","lineno":3,"logger":"py.warnings"}
{"timestamp":"2026-10-01T13:08:39.425314Z","level":"info","event":"Filling up the DagBag from /opt/airflow/dags/orchestrate.py","logger":"airflow.dag_processing.dagbag.BundleDagBag","filename":"dagbag.py","lineno":460}
{"timestamp":"2026-10-01T13:08:42.225076Z","level":"warning","event":"The `airflow.operators.bash.BashOperator` attribute is deprecated. Please use `'airflow.providers.standard.operators.bash.BashOperator'`.","category":"UserWarning","filename":"/opt/airflow/dags/orchestrate.py","lineno":3,"logger":"py.warnings"}
{"timestamp":"2026-10-01T13:09:12.803052Z","level":"info","event":"Filling up the DagBag from /opt/airflow/dags/orchestrate.py","logger":"airflow.dag_processing.dagbag.BundleDagBag","filename":"dagbag.py","lineno":460}
{"timestamp":"2026-10-01T13:09:16.248491Z","level":"warning","event":"The `airflow.operators.bash.BashOperator` attribute is deprecated. Please use `'airflow.providers.standard.operators.bash.BashOperator'`.","category":"UserWarning","filename":"/opt/airflow/dags/orchestrate.py","lineno":3,"logger":"py.warnings"}
{"timestamp":"2026-10-01T13:09:46.916685Z","level":"info","event":"Filling up the DagBag from /opt/airflow/dags/orchestrate.py","logger":"airflow.dag_processing.dagbag.BundleDagBag","filename":"dagbag.py","lineno":460}
{"timestamp":"2026-10-01T13:09:49.758693Z","level":"warning","event":"The `airflow.operators.bash.BashOperator` attribute is deprecated. Please use `'airflow.providers.standard.operators.bash.BashOperator'`.","category":"UserWarning","filename":"/opt/airflow/dags/orchestrate.py","lineno":3,"logger":"py.warnings"}
{"timestamp":"2026-10-01T13:10:20.289134Z","level":"info","event":"Filling up the DagBag from /opt/airflow/dags/orchestrate.py","logger":"airflow.dag_processing.dagbag.BundleDagBag","filename":"dagbag.py","lineno":460}
{"timestamp":"2026-10-01T13:10:23.238422Z","level":"warning","event":"The `airflow.operators.bash.BashOperator` attribute is deprecated. Please use `'airflow.providers.standard.operators.bash.BashOperator'`.","category":"UserWarning","filename":"/opt/airflow/dags/orchestrate.py","lineno":3,"logger":"py.warnings"}
{"timestamp":"2026-10-01T13:10:53.783080Z","level":"info","event":"Filling up the DagBag from /opt/airflow/dags/orchestrate.py","logger":"airflow.dag_processing.dagbag.BundleDagBag","filename":"dagbag.py","lineno":460}
{"timestamp":"2026-10-01T13:10:57.640188Z","level":"warning","event":"The `airflow.operators.bash.BashOperator` attribute is deprecated. Please use `'airflow.providers.standard.operators.bash.BashOperator'`.","category":"UserWarning","filename":"/opt/airflow/dags/orchestrate.py","lineno":3,"logger":"py.warnings"}
{"timestamp":"2026-10-01T13:11:28.299081Z","level":"info","event":"Filling up the DagBag from /opt/airflow/dags/orchestrate.py","logger":"airflow.dag_processing.dagbag.BundleDagBag","filename":"dagbag.py","lineno":460}
{"timestamp":"2026-10-01T13:11:30.621988Z","level":"warning","event":"The `airflow.operators.bash.BashOperator` attribute is deprecated. Please use `'airflow.providers.standard.operators.bash.BashOperator'`.","category":"UserWarning","filename":"/opt/airflow/dags/orchestrate.py","lineno":3,"logger":"py.warnings"}
{"timestamp":"2026-10-01T13:12:01.502975Z","level":"info","event":"Filling up the DagBag from /opt/airflow/dags/orchestrate.py","logger":"airflow.dag_processing.dagbag.BundleDagBag","filename":"dagbag.py","lineno":460}
{"timestamp":"2026-10-01T13:12:05.439938Z","level":"warning","event":"The `airflow.operators.bash.BashOperator` attribute is deprecated. Please use `'airflow.providers.standard.operators.bash.BashOperator'`.","category":"UserWarning","filename":"/opt/airflow/dags/orchestrate.py","lineno":3,"logger":"py.warnings"}
{"timestamp":"2026-10-01T13:12:36.295955Z","level":"info","event":"Filling up the DagBag from /opt/airflow/dags/orchestrate.py","logger":"airflow.dag_processing.dagbag.BundleDagBag","filename":"dagbag.py","lineno":460}
{"timestamp":"2026-10-01T13:12:39.366763Z","level":"warning","event":"The `airflow.operators.bash.BashOperator` attribute is deprecated. Please use `'airflow.providers.standard.operators.bash.BashOperator'`.","category":"UserWarning","filename":"/opt/airflow/dags/orchestrate.py","lineno":3,"logger":"py.warnings"}
{"timestamp":"2026-10-01T13:13:10.025646Z","level":"info","event":"Filling up the DagBag from /opt/airflow/dags/orchestrate.py","logger":"airflow.dag_processing.dagbag.BundleDagBag","filename":"dagbag.py","lineno":460}
{"timestamp":"2026-10-01T13:13:12.878757Z","level":"warning","event":"The `airflow.operators.bash.BashOperator` attribute is deprecated. Please use `'airflow.providers.standard.operators.bash.BashOperator'`.","category":"UserWarning","filename":"/opt/airflow/dags/orchestrate.py","lineno":3,"logger":"py.warnings"}
{"timestamp":"2026-10-01T13:13:43.464631Z","level":"info","event":"Filling up the DagBag from /opt/airflow/dags/orchestrate.py","logger":"airflow.dag_processing.dagbag.BundleDagBag","filename":"dagbag.py","lineno":460}
{"timestamp":"2026-10-01T13:13:46.049560Z","level":"warning","event":"The `airflow.operators.bash.BashOperator` attribute is deprecated. Please use `'airflow.providers.standard.operators.bash.BashOperator'`.","category":"UserWarning","filename":"/opt/airflow/dags/orchestrate.py","lineno":3,"logger":"py.warnings"}
{"timestamp":"2026-10-01T13:14:16.654935Z","level":"info","event":"Filling up the DagBag from /opt/airflow/dags/orchestrate.py","logger":"airflow.dag_processing.dagbag.BundleDagBag","filename":"dagbag.py","lineno":460}
{"timestamp":"2026-10-01T13:14:19.328990Z","level":"warning","event":"The `airflow.operators.bash.BashOperator` attribute is deprecated. Please use `'airflow.providers.standard.operators.bash.BashOperator'`.","category":"UserWarning","filename":"/opt/airflow/dags/orchestrate.py","lineno":3,"logger":"py.warnings"}
{"timestamp":"2026-10-01T13:14:49.837407Z","level":"info","event":"Filling up the DagBag from /opt/airflow/dags/orchestrate.py","logger":"airflow.dag_processing.dagbag.BundleDagBag","filename":"dagbag.py","lineno":460}
{"timestamp":"2026-10-01T13:14:51.915099Z","level":"warning","event":"The `airflow.operators.bash.BashOperator` attribute is deprecated. Please use `'airflow.providers.standard.operators.bash.BashOperator'`.","category":"UserWarning","filename":"/opt/airflow/dags/orchestrate.py","lineno":3,"logger":"py.warnings"}
{"timestamp":"2026-10-01T21:11:46.881921Z","level":"info","event":"Filling up the DagBag from /opt/airflow/dags/orchestrate.py","logger":"airflow.dag_processing.dagbag.BundleDagBag","filename":"dagbag.py","lineno":460}
{"timestamp":"2026-10-02T13:59:58.625694Z","level":"error","event":"Process timed out, PID: 2233","logger":"airflow.dag_processing.importers.python_importer","filename":"python_importer.py","lineno":62}
{"timestamp":"2026-10-02T13:59:59.626344Z","level":"error","event":"Failed to import: /opt/airflow/dags/orchestrate.py","logger":"airflow.dag_processing.importers.python_importer","filename":"python_importer.py","lineno":244,"error_detail":[{"exc_type":"AirflowTaskTimeout","exc_value":"DagBag import timeout for /opt/airflow/dags/orchestrate.py after 30.0s.\nPlease take a look at these docs to improve your DAG import time:\n* https://airflow.apache.org/docs/apache-airflow/3.3.2/best-practices.html#top-level-python-code\n* https://airflow.apache.org/docs/apache-airflow/3.3.2/best-practices.html#reducing-dag-complexity, PID: 2233","exc_notes":[],"syntax_error":null,"is_cause":false,"frames":[{"filename":"/home/airflow/.local/lib/python3.13/site-packages/airflow/dag_processing/importers/python_importer.py","lineno":238,"name":"parse"},{"filename":"<frozen importlib._bootstrap_external>","lineno":1023,"name":"exec_module"},{"filename":"<frozen importlib._bootstrap>","lineno":488,"name":"_call_with_frames_removed"},{"filename":"/opt/airflow/dags/orchestrate.py","lineno":4,"name":"<module>"},{"filename":"/home/airflow/.local/lib/python3.13/site-packages/databricks/sdk/__init__.py","lineno":9,"name":"<module>"},{"filename":"/home/airflow/.local/lib/python3.13/site-packages/databricks/sdk/core.py","lineno":10,"name":"<module>"},{"filename":"/home/airflow/.local/lib/python3.13/site-packages/databricks/sdk/_base_client.py","lineno":9,"name":"<module>"},{"filename":"/home/airflow/.local/lib/python3.13/site-packages/requests/__init__.py","lineno":45,"name":"<module>"},{"filename":"/home/airflow/.local/lib/python3.13/site-packages/requests/exceptions.py","lineno":10,"name":"<module>"},{"filename":"/home/airflow/.local/lib/python3.13/site-packages/requests/compat.py","lineno":42,"name":"<module>"},{"filename":"/home/airflow/.local/lib/python3.13/site-packages/requests/compat.py","lineno":36,"name":"_resolve_char_detection"},{"filename":"/usr/python/lib/python3.13/importlib/__init__.py","lineno":88,"name":"import_module"},{"filename":"/home/airflow/.local/lib/python3.13/site-packages/chardet/__init__.py","lineno":23,"name":"<module>"},{"filename":"/home/airflow/.local/lib/python3.13/site-packages/chardet/universaldetector.py","lineno":49,"name":"<module>"},{"filename":"/home/airflow/.local/lib/python3.13/site-packages/chardet/sbcsgroupprober.py","lineno":327,"name":"<module>"},{"filename":"<frozen importlib._bootstrap>","lineno":1360,"name":"_find_and_load"},{"filename":"<frozen importlib._bootstrap>","lineno":1331,"name":"_find_and_load_unlocked"},{"filename":"<frozen importlib._bootstrap>","lineno":935,"name":"_load_unlocked"},{"filename":"<frozen importlib._bootstrap_external>","lineno":1019,"name":"exec_module"},{"filename":"<frozen importlib._bootstrap_external>","lineno":1115,"name":"get_code"},{"filename":"<frozen importlib._bootstrap_external>","lineno":1215,"name":"get_data"},{"filename":"/home/airflow/.local/lib/python3.13/site-packages/airflow/dag_processing/importers/python_importer.py","lineno":65,"name":"handle_timeout"}],"is_group":false,"exceptions":[]}]}
{"timestamp":"2026-10-02T14:00:02.045266Z","level":"error","event":"Error loading DAG from orchestrate.py: DagBag import timeout for /opt/airflow/dags/orchestrate.py after 30.0s.\nPlease take a look at these docs to improve your DAG import time:\n* https://airflow.apache.org/docs/apache-airflow/3.3.2/best-practices.html#top-level-python-code\n* https://airflow.apache.org/docs/apache-airflow/3.3.2/best-practices.html#reducing-dag-complexity, PID: 2233","logger":"airflow.dag_processing.dagbag.BundleDagBag","filename":"dagbag.py","lineno":319}
{"timestamp":"2026-10-02T14:00:02.424921Z","level":"warning","event":"The `airflow.operators.bash.BashOperator` attribute is deprecated. Please use `'airflow.providers.standard.operators.bash.BashOperator'`.","category":"UserWarning","filename":"/opt/airflow/dags/orchestrate.py","lineno":3,"logger":"py.warnings"}
